task,word_order,word,surprisal
0,0,Tara,
0,1,stood,8.311179161071777
0,2,stock,9.847923278808594
0,3,still,0.22743217647075653
0,4,waiting,6.26887321472168
0,5,for,0.33105167746543884
0,6,the,1.175603985786438
0,7,first,5.051224708557129
0,8,tiny,9.142966270446777
0,9,gleam,8.988253053277731
0,10,from,3.44145131111145
0,11,the,0.844061553478241
0,12,scout,10.128628730773926
0,13,craft,7.514642238616943
0,14,to,1.6437616348266602
0,15,appear,3.4614970684051514
0,16,in,2.3741538524627686
0,17,the,1.229447603225708
0,18,darkness,3.9056503772735596
0,19,of,2.2035183906555176
0,20,the,0.5710126757621765
0,21,The,9.715361595153809
0,22,gentle,16.019977569580078
0,23,constant,11.746914863586426
0,24,breeze,5.113153457641602
0,25,of,2.4497408866882324
0,26,recycled,12.93560791015625
0,27,air,3.3983349800109863
0,28,from,4.773059844970703
0,29,the,0.6357064843177795
0,30,vent,7.687870979309082
0,31,above,5.090273857116699
0,32,blew,12.987602233886719
0,33,an,6.472599029541016
0,34,annoying,7.116372585296631
0,35,hair,8.938638687133789
0,36,against,6.582475662231445
0,37,her,0.7004282474517822
0,38,nose,4.839272975921631
0,39,but,6.694766044616699
0,40,she,1.273173451423645
0,41,ignored,4.511563301086426
0,42,it,0.39205852150917053
0,43,A,12.07512092590332
0,44,gasp,7.247128486633301
0,45,from,2.242539405822754
0,46,the,1.0158617496490479
0,47,psychic,9.539649963378906
0,48,broke,6.931985378265381
0,49,her,1.8857309818267822
0,50,silent,6.1888651847839355
0,51,vigil,4.992983818054199
0,52,and,1.5963594913482666
0,53,she,1.741329550743103
0,54,turned,2.8847014904022217
0,55,Results,24.529098510742188
0,56,Harmon,14.855645179748535
0,57,she,9.196123123168945
0,58,suppressed,9.102062225341797
0,59,the,1.4689472913742065
0,60,surge,6.4045844078063965
0,61,of,0.286489874124527
0,62,annoyance,7.052684783935547
0,63,that,2.7466821670532227
0,64,ran,4.502155303955078
0,65,through,0.5104807615280151
0,66,her,0.054860301315784454
0,67,as,2.028522253036499
0,68,she,0.5696455240249634
0,69,contemplated,6.9970784187316895
0,70,the,1.0066215991973877
0,71,gift,7.75462007522583
0,72,of,2.1405372619628906
0,73,getting,6.574911117553711
0,74,all,5.226001739501953
0,75,the,1.2459555864334106
0,76,hot,6.823508262634277
0,77,news,7.475859642028809
0,78,first,5.946043014526367
0,79,face,8.98237419128418
0,80,slowly,9.506111145019531
0,81,animated,10.442117691040039
0,82,joy,10.686918258666992
0,83,sweeping,10.582889556884766
0,84,in,4.2027435302734375
0,85,to,5.2338337898254395
0,86,replace,8.477916717529297
0,87,stern,11.726117134094238
0,88,concentration,8.078814506530762
0,89,says,11.534536361694336
0,90,the,3.508284330368042
0,91,planet,7.632234573364258
0,92,tiny,10.931511878967285
0,93,away,8.656673431396484
0,94,contemplated,12.822874069213867
0,95,to,4.9286980628967285
0,96,not,5.743222713470459
0,97,blonde,13.15393352508545
0,98,slowly,8.770864486694336
0,99,broke,8.152067184448242
0,100,by,6.170778274536133
0,101,Thriving,16.230068922042847
0,102,with,4.299654960632324
0,103,life,6.943052768707275
0,104,large,9.03062629699707
0,105,and,2.4613914489746094
0,106,small,2.5363216400146484
0,107,forms,7.87667179107666
0,108,no,7.266606330871582
0,109,buildings,10.511832237243652
0,110,of,3.9246108531951904
0,111,any,2.0563716888427734
0,112,kind,1.0574537515640259
0,113,metals,12.382366180419922
0,114,and,2.3546342849731445
0,115,stable,10.05616283416748
0,116,atmosphere,6.670398712158203
0,117,excellent,10.77788257598877
0,118,onto,12.824477195739746
0,119,the,1.8689085245132446
0,120,only,7.218601703643799
0,121,head,8.747525215148926
0,122,planet,5.936939716339111
0,123,pointed,9.899772644042969
0,124,blackness,11.90317177772522
0,125,now,6.043872833251953
0,126,get,9.145615577697754
0,127,gentle,10.641471862792969
0,128,imposing,10.676684379577637
0,129,alpha,9.550891876220703
0,130,He,9.493884086608887
0,131,says,8.717214584350586
0,132,we,6.749261856079102
0,133,should,3.104891777038574
0,134,come,5.571499824523926
0,135,now,5.188693046569824
0,136,immediately,7.964831352233887
0,137,before,5.271258354187012
0,138,the,1.6615405082702637
0,139,probe,7.922107696533203
0,140,is,2.7651612758636475
0,141,reported,8.003423690795898
0,142,late,8.206560134887695
0,143,Harmon,14.431375503540039
0,144,that,5.847606658935547
0,145,good,7.45045280456543
0,146,nothing,9.184686660766602
0,147,son,10.940605163574219
0,148,of,3.711313247680664
0,149,beta,9.515199661254883
0,150,get,6.550920486450195
0,151,his,4.966037750244141
0,152,the,7.256932258605957
0,153,gate,8.771089553833008
0,154,and,4.079506874084473
0,155,here,6.878737449645996
0,156,NOW,9.966848373413086
0,157,or,6.340614318847656
0,158,open,9.862370491027832
0,159,fire,4.281839370727539
0,160,on,2.390111207962036
0,161,him,2.9169304370880127
0,162,when,5.101044654846191
0,163,we,2.2241387367248535
0,164,come,3.0363247394561768
0,165,Tara,11.79069995880127
0,166,Of,11.054593086242676
0,167,all,2.803882598876953
0,168,the,0.8488413691520691
0,169,no,8.616750717163086
0,170,doubt,4.039236068725586
0,171,with,6.144404411315918
0,172,orders,8.281338691711426
0,173,from,2.8665518760681152
0,174,Mason,11.11060905456543
0,175,was,6.20534086227417
0,176,questioning,9.698970794677734
0,177,her,3.6679484844207764
0,178,command,7.381014823913574
0,179,decisions,9.02867603302002
0,180,what,4.844568729400635
0,181,I,4.822329521179199
0,182,get,5.484737396240234
0,183,for,3.588543176651001
0,184,not,4.180885314941406
0,185,using,5.304458141326904
0,186,mercenaries,10.514069557189941
0,187,She,5.910788536071777
0,188,returned,8.845056533813477
0,189,to,1.4825891256332397
0,190,her,1.5121054649353027
0,191,watch,6.232617378234863
0,192,regarding,10.533448219299316
0,193,her,2.9597699642181396
0,194,own,3.7579405307769775
0,195,reflection,8.169764518737793
0,196,in,2.1305649280548096
0,197,the,0.47053444385528564
0,198,long,6.686173439025879
0,199,window,7.527647972106934
0,200,Mahogany,17.44988082535565
0,201,black,6.0417375564575195
0,202,curly,9.557790756225586
0,203,hair,1.0594298839569092
0,204,cut,6.676490306854248
0,205,short,2.282501220703125
0,206,in,3.6992063522338867
0,207,the,1.7845373153686523
0,208,typical,8.744425773620605
0,209,military,7.15478515625
0,210,style,1.2796659469604492
0,211,framed,10.292037010192871
0,212,a,5.561450004577637
0,213,dark,5.211579322814941
0,214,skinned,6.442532122135162
0,215,face,3.6084978580474854
0,216,It,7.47108268737793
0,217,was,1.4538629055023193
0,218,not,3.7379324436187744
0,219,an,3.919724225997925
0,220,attractive,5.461477756500244
0,221,face,1.6970572471618652
0,222,right,7.153634071350098
0,223,now,1.6134129762649536
0,224,her,4.718015193939209
0,225,ebony,10.322779787355103
0,226,eyes,2.5991435050964355
0,227,by,8.185516357421875
0,228,hours,9.910551071166992
0,229,on,4.409638404846191
0,230,the,1.5988571643829346
0,231,watch,5.474978923797607
0,232,full,7.488242149353027
0,233,lips,6.547288417816162
0,234,with,3.9124884605407715
0,235,frustration,11.566645622253418
0,236,She,5.154421806335449
0,237,had,3.451979637145996
0,238,the,3.827103614807129
0,239,look,4.258523941040039
0,240,of,0.3321087658405304
0,241,every,7.155201435089111
0,242,leader,6.5029497146606445
0,243,she,2.5383660793304443
0,244,had,1.122260570526123
0,245,ever,0.7577723860740662
0,246,known,1.6368409395217896
0,247,At,7.979629039764404
0,248,six,8.377337455749512
0,249,foot,5.1934027671813965
0,250,two,2.8385143280029297
0,251,she,2.5988402366638184
0,252,stood,3.785612106323242
0,253,a,3.8042891025543213
0,254,full,4.689610958099365
0,255,head,3.522664785385132
0,256,taller,0.5851888656616211
0,257,than,0.7846997976303101
0,258,even,4.660689353942871
0,259,her,1.9520442485809326
0,260,first,5.32990837097168
0,261,officer,5.58961296081543
0,262,than,8.388999938964844
0,263,golden,10.56501293182373
0,264,craft,11.33252239227295
0,265,blew,9.382353782653809
0,266,prepare,12.872828483581543
0,267,color,10.60378360748291
0,268,attractive,11.853511810302734
0,269,crew,11.423212051391602
0,270,Her,9.821826934814453
0,271,expression,4.991963863372803
0,272,completed,10.042101860046387
0,273,the,2.520362377166748
0,274,imposing,7.905735969543457
0,275,effect,6.617615222930908
0,276,She,4.204888343811035
0,277,picked,6.844074249267578
0,278,imaginary,12.478389739990234
0,279,flecks,10.216523915529251
0,280,off,3.1177706718444824
0,281,her,2.4534802436828613
0,282,stark,10.080519676208496
0,283,gray,4.885990142822266
0,284,jumpsuit,8.139026902616024
0,285,and,1.848573088645935
0,286,snorted,8.598270773887634
0,287,You,8.659780502319336
0,288,look,4.689262390136719
0,289,like,1.4080424308776855
0,290,hell,6.688221454620361
0,291,Tar,10.640729904174805
0,292,blow,13.028450965881348
0,293,this,4.866950988769531
0,294,let,9.747234344482422
0,295,fatigue,14.535076141357422
0,296,get,4.242707252502441
0,297,to,2.022815465927124
0,298,you,0.4957689046859741
0,299,She,4.171557903289795
0,300,used,6.449767589569092
0,301,the,1.612460970878601
0,302,discretion,9.665067672729492
0,303,of,1.3505150079727173
0,304,the,1.6559736728668213
0,305,mirrored,11.369049072265625
0,306,window,5.408499240875244
0,307,to,2.1601338386535645
0,308,to,7.910305976867676
0,309,defy,9.61884593963623
0,310,United,11.824197769165039
0,311,Earth,5.133669853210449
0,312,Command,6.2909746170043945
0,313,and,2.5242512226104736
0,314,sever,9.346223831176758
0,315,all,3.389988660812378
0,316,ties,2.0119237899780273
0,317,from,4.664783477783203
0,318,Earth,5.8496785163879395
0,319,She,3.735919237136841
0,320,watched,5.046085357666016
0,321,the,1.4802138805389404
0,322,psi,10.193496704101562
0,323,bob,11.139116287231445
0,324,her,3.6147172451019287
0,325,head,0.4308992326259613
0,326,unaware,9.388374328613281
0,327,of,1.1449249982833862
0,328,the,0.9768897891044617
0,329,rest,6.339473724365234
0,330,of,0.16850842535495758
0,331,the,0.6370845437049866
0,332,bridge,8.287579536437988
0,333,shaking,7.80470085144043
0,334,blonde,9.034224510192871
0,335,curls,5.454008102416992
0,336,as,4.011675834655762
0,337,she,1.077149748802185
0,338,away,10.593400001525879
0,339,with,3.9240546226501465
0,340,the,1.6691584587097168
0,341,approaching,8.60496711730957
0,342,psi,8.328204154968262
0,343,relay,10.996801376342773
0,344,on,4.871040344238281
0,345,ship,7.494418144226074
0,346,She,3.5702898502349854
0,347,seemed,6.785144805908203
0,348,so,4.359129905700684
0,349,self,6.4348602294921875
0,350,conscious,1.3896148204803467
0,351,and,3.0249853134155273
0,352,shallow,9.474956512451172
0,353,on,5.14047908782959
0,354,the,0.7421054244041443
0,355,outside,5.326589107513428
0,356,but,2.68473482131958
0,357,having,7.184971809387207
0,358,that,4.357186794281006
0,359,incredible,7.7623748779296875
0,360,gift,6.502418518066406
0,361,There,8.731351852416992
0,362,had,4.339526176452637
0,363,to,1.7334340810775757
0,364,be,0.06206374615430832
0,365,more,2.9019975662231445
0,366,to,1.617334008216858
0,367,her,2.864239454269409
0,368,Well,8.412068367004395
0,369,if,3.8453967571258545
0,370,she,1.8265002965927124
0,371,pan,11.870319366455078
0,372,out,2.2872655391693115
0,373,be,7.246603012084961
0,374,terminated,11.052090644836426
0,375,Any,8.403806686401367
0,376,crew,8.770310401916504
0,377,member,1.47402822971344
0,378,that,2.9617044925689697
0,379,would,3.7242705821990967
0,380,jeopardize,7.982290744781494
0,381,the,1.784360647201538
0,382,project,4.699153423309326
0,383,was,4.376209259033203
0,384,meat,12.25234317779541
0,385,It,5.662178993225098
0,386,would,2.869485378265381
0,387,be,0.7992790937423706
0,388,a,2.277076244354248
0,389,shame,2.498446226119995
0,390,to,1.704761028289795
0,391,lose,2.173766613006592
0,392,that,2.948953628540039
0,393,talent,5.404652118682861
0,394,though,5.995628356933594
0,395,her,4.556381702423096
0,396,first,5.390778064727783
0,397,officer,1.3957154750823975
0,398,was,1.778786063194275
0,399,staring,8.314494132995605
0,400,at,1.1741570234298706
0,401,his,4.287670612335205
0,402,panel,8.290229797363281
0,403,color,8.720386505126953
0,404,psychic,9.382941246032715
0,405,metals,13.00436019897461
0,406,system,8.6460542678833
0,407,which,5.304498672485352
0,408,for,6.152373313903809
0,409,all,2.6652517318725586
0,410,charges,9.697525978088379
0,411,if,5.850488185882568
0,412,this,5.2586517333984375
0,413,discretion,13.64521598815918
0,414,meat,13.30127239227295
0,415,any,6.161592960357666
0,416,insurrection,11.680814743041992
0,417,air,9.979901313781738
0,418,member,11.014948844909668
0,419,He,6.130097389221191
0,420,was,2.889939069747925
0,421,what,6.941769599914551
0,422,this,5.583874225616455
0,423,was,2.445094585418701
0,424,all,2.7042102813720703
0,425,about,0.35099971294403076
0,426,She,4.1618123054504395
0,427,watched,4.120292663574219
0,428,his,3.189925193786621
0,429,graceful,10.036346435546875
0,430,fingers,6.015969276428223
0,431,ending,10.550674438476562
0,432,in,1.9096909761428833
0,433,thick,6.8616108894348145
0,434,black,2.6588687896728516
0,435,claws,4.597095489501953
0,436,tap,7.633352279663086
0,437,out,4.344484329223633
0,438,calculations,12.237399101257324
0,439,on,3.4224917888641357
0,440,the,1.0829756259918213
0,441,panel,4.6010589599609375
0,442,His,5.7674150466918945
0,443,pointed,8.203598022460938
0,444,ears,3.535820722579956
0,445,back,7.921337127685547
0,446,and,2.603252649307251
0,447,forth,0.7079213857650757
0,448,catching,8.463767051696777
0,449,every,4.447041034698486
0,450,sound,3.1536669731140137
0,451,from,3.393824577331543
0,452,the,0.7918720841407776
0,453,bridge,5.392726898193359
0,454,while,5.925210475921631
0,455,his,2.011899948120117
0,456,long,4.6364336013793945
0,457,tail,4.657506942749023
0,458,swished,7.272480010986328
0,459,to,2.7745890617370605
0,460,the,2.029796600341797
0,461,rhythm,6.327449798583984
0,462,of,0.4862666428089142
0,463,his,2.0916056632995605
0,464,thoughts,5.001977920532227
0,465,Only,7.727528095245361
0,466,those,5.039332389831543
0,467,of,3.6886181831359863
0,468,the,1.9201740026474
0,469,Insurrection,10.607113718986511
0,470,inner,10.293785095214844
0,471,team,4.114895820617676
0,472,knew,3.0599498748779297
0,473,he,3.305072784423828
0,474,was,0.672313928604126
0,475,no,5.416206359863281
0,476,common,7.633394241333008
0,477,beta,10.327116012573242
0,478,furry,11.84795093536377
0,479,His,8.362184524536133
0,480,silken,10.422985315322876
0,481,fur,3.7474100589752197
0,482,which,6.457046031951904
0,483,would,4.429474830627441
0,484,be,2.541152000427246
0,485,golden,7.27903938293457
0,486,and,3.212862968444824
0,487,striped,7.392936706542969
0,488,with,2.881096124649048
0,489,jet,6.686841011047363
0,490,black,0.3570043742656708
0,491,bands,6.273157119750977
0,492,was,4.496246337890625
0,493,dyed,7.379262447357178
0,494,perfectly,8.68637752532959
0,495,to,3.312192678451538
0,496,a,3.9711103439331055
0,497,pure,5.5012288093566895
0,498,black,2.603670120239258
0,499,and,2.8529117107391357
0,500,his,2.8983774185180664
0,501,mane,6.901475593447685
0,502,trimmed,7.329065322875977
0,503,and,2.8726234436035156
0,504,thinned,10.876988410949707
0,505,as,3.9563379287719727
0,506,to,5.267951011657715
0,507,be,2.3439884185791016
0,508,indistinguishable,5.818655490875244
0,509,from,0.23488183319568634
0,510,the,1.9065141677856445
0,511,rest,2.6106114387512207
0,512,of,0.23634904623031616
0,513,his,0.5860149264335632
0,514,coat,4.857624530792236
0,515,His,3.273861885070801
0,516,eyes,3.3317110538482666
0,517,had,4.438216686248779
0,518,been,2.512559413909912
0,519,treated,8.694235801696777
0,520,and,4.248847961425781
0,521,darkened,7.503997802734375
0,522,to,2.451279640197754
0,523,a,2.294509172439575
0,524,rich,6.340460777282715
0,525,purple,3.866774559020996
0,526,to,4.4081926345825195
0,527,disguise,5.701785087585449
0,528,the,1.7122443914413452
0,529,brilliant,6.9858598709106445
0,530,golden,4.746501922607422
0,531,yellow,5.999423027038574
0,532,color,3.44425892829895
0,533,that,3.5202417373657227
0,534,would,2.924400568008423
0,535,mark,5.648383140563965
0,536,him,1.512513279914856
0,537,as,1.080632209777832
0,538,an,2.685403823852539
0,539,Alpha,4.166664123535156
0,540,and,3.591553211212158
0,541,leader,8.239398956298828
0,542,of,1.185524821281433
0,543,his,3.3691062927246094
0,544,Right,11.325557708740234
0,545,now,0.9442445039749146
0,546,he,1.8059536218643188
0,547,looked,4.046689987182617
0,548,like,0.998958170413971
0,549,an,2.5452823638916016
0,550,overgrown,8.32061505317688
0,551,wolf,6.026304244995117
0,552,learned,11.809596061706543
0,553,touch,10.381633758544922
0,554,typing,7.80775260925293
0,555,The,5.592992782592773
0,556,scout,8.071447372436523
0,557,ship,2.7956650257110596
0,558,from,5.841201305389404
0,559,the,1.2738547325134277
0,560,hole,8.228075981140137
0,561,a,5.61055326461792
0,562,brilliant,7.073456764221191
0,563,speck,6.889745581895113
0,564,emerging,9.566930770874023
0,565,from,0.6770455837249756
0,566,a,2.9594333171844482
0,567,sphere,6.873569488525391
0,568,of,1.5158987045288086
0,569,velvety,11.021340001374483
0,570,blackness,7.225529909133911
0,571,It s,13.933487892150879
0,572,hail,11.345643997192383
0,573,across,7.168903350830078
0,574,the,0.4133102595806122
0,575,and,7.840695381164551
0,576,Tara,8.922435760498047
0,577,spun,6.849396705627441
0,578,to,2.4366343021392822
0,579,retake,11.179932594299316
0,580,her,1.4101345539093018
0,581,seat,2.602098226547241
0,582,at,4.149174690246582
0,583,the,0.32688429951667786
0,584,helm,2.9314966201782227
0,585,Launch,12.28150749206543
0,586,the,2.905689001083374
0,587,second,4.884213924407959
0,588,probe,2.9482479095458984
0,589,Central,11.42992877960205
0,590,be,7.231873989105225
0,591,crushed,12.01141357421875
0,592,to,2.610102891921997
0,593,learn,8.978694915771484
0,594,that,2.267932891845703
0,595,another,6.011648178100586
0,596,gateway,8.192456245422363
0,597,has,2.923821449279785
0,598,yielded,8.626158714294434
0,599,little,5.65221643447876
0,600,more,2.621572732925415
0,601,than,0.4794055223464966
0,602,a,1.231430172920227
0,603,class,9.884254455566406
0,604,F,5.0240068435668945
0,605,planet,5.089440822601318
0,606,and,3.5766406059265137
0,607,a,3.0498616695404053
0,608,white,6.874044418334961
0,609,dwarf,4.017301559448242
0,610,system,5.4251708984375
0,611,Level,10.401712417602539
0,612,and,5.737708568572998
0,613,and,7.249617576599121
0,614,let,5.995403289794922
0,615,loose,5.266340255737305
0,616,a,2.6550703048706055
0,617,small,4.192358493804932
0,618,growl,8.550018787384033
0,619,as,3.552133083343506
0,620,if,3.8390448093414307
0,621,ro,9.448352813720703
0,622,caution,17.858835220336914
0,623,his,5.867396354675293
0,624,charges,9.169473648071289
0,625,against,6.358816623687744
0,626,false,9.687588691711426
0,627,hope,2.854362964630127
0,628,twenty,9.890527725219727
0,629,seven,5.034462928771973
0,630,gates,8.187023162841797
0,631,so,7.174501419067383
0,632,far,1.9052422046661377
0,633,and,3.4574038982391357
0,634,none,5.858443260192871
0,635,had,4.838718891143799
0,636,turned,5.244239807128906
0,637,up,1.8200842142105103
0,638,anything,5.239654064178467
0,639,worth,5.758584022521973
0,640,time,7.931431770324707
0,641,military,10.41098690032959
0,642,jumpsuit,9.799587786197662
0,643,it,6.000494956970215
0,644,waiting,11.049906730651855
0,645,those,7.934886455535889
0,646,six,5.3938822746276855
0,647,reflection,13.189157485961914
0,648,fatigue,12.4332275390625
0,649,Tara,12.664399147033691
0,650,would,5.576568603515625
0,651,not,2.4486846923828125
0,652,let,2.373232364654541
0,653,giddy,14.846576690673828
0,654,hopes,5.641688346862793
0,655,drag,7.08651876449585
0,656,them,4.298828601837158
0,657,onto,5.307258129119873
0,658,a,2.939342975616455
0,659,rock,6.322642803192139
0,660,that,3.9771623611450195
0,661,would,2.181307554244995
0,662,spell,7.324647903442383
0,663,end,7.178605556488037
0,664,for,3.4308853149414062
0,665,project,9.752823829650879
0,666,and,3.8514132499694824
0,667,species,11.591673851013184
1,0,The,
1,1,Cable,11.345129013061523
1,2,Fort,11.508420944213867
1,3,by,7.552002429962158
1,4,Bill,5.2472639083862305
1,5,Glover,10.038846969604492
1,6,Hey,11.537126541137695
1,7,Roy,10.246342658996582
1,8,What,10.362317085266113
1,9,You,4.639149188995361
1,10,suck,15.996805191040039
1,11,Chad,11.471715927124023
1,12,said,6.535496234893799
1,13,He,6.3253254890441895
1,14,wished,8.041634559631348
1,15,Roy,4.97651481628418
1,16,fall,12.11469554901123
1,17,for,4.245128631591797
1,18,that,3.57901668548584
1,19,gag,9.278083801269531
1,20,every,7.022890090942383
1,21,time,0.6369563341140747
1,22,get,10.614014625549316
1,23,me,5.785874366760254
1,24,a,2.0031826496124268
1,25,big,5.001276969909668
1,26,rock,6.125924110412598
1,27,Roy,7.772785186767578
1,28,Roy,6.300848007202148
1,29,stooped,13.815736174583435
1,30,to,1.0881683826446533
1,31,pick,5.395720481872559
1,32,up,0.7555373311042786
1,33,a,1.6126726865768433
1,34,big,3.4327762126922607
1,35,white,7.171622276306152
1,36,rock,1.9598069190979004
1,37,that,4.171995162963867
1,38,looked,4.4653544425964355
1,39,like,0.2970012426376343
1,40,a,1.1724119186401367
1,41,dirty,8.353638648986816
1,42,lump,7.359600067138672
1,43,of,1.9920870065689087
1,44,chalk,6.762231826782227
1,45,and,2.5770745277404785
1,46,handed,6.930902481079102
1,47,it,0.40096238255500793
1,48,to,0.34471359848976135
1,49,Chad,2.30999755859375
1,50,Chad,4.570493221282959
1,51,took,4.556330680847168
1,52,the,1.6827738285064697
1,53,rock,1.4189574718475342
1,54,with,4.688477993011475
1,55,disgust,9.127236366271973
1,56,as,4.656656265258789
1,57,Roy,4.746660232543945
1,58,returned,7.084521293640137
1,59,to,1.529528260231018
1,60,staring,8.996537208557129
1,61,at,0.3223244845867157
1,62,his,3.016801118850708
1,63,shoes,6.842055320739746
1,64,Chad,2.2728288173675537
1,65,was,3.091616630554199
1,66,six,9.084568977355957
1,67,and,4.377191543579102
1,68,at,6.69997501373291
1,69,eight,5.16175651550293
1,70,Roy,3.649360179901123
1,71,should,7.066496849060059
1,72,have,0.7197123169898987
1,73,been,1.6064954996109009
1,74,teasing,9.94194221496582
1,75,or,7.421046257019043
1,76,ordering,8.836639404296875
1,77,Chad,3.549455404281616
1,78,around,6.814258098602295
1,79,or,4.829190254211426
1,80,something,1.3604918718338013
1,81,But,5.887132167816162
1,82,since,5.865321636199951
1,83,his,4.657701015472412
1,84,fall,7.326233863830566
1,85,the,4.144780158996582
1,86,year,7.436026573181152
1,87,before,1.6804958581924438
1,88,Roy,1.4506640434265137
1,89,had,2.227627992630005
1,90,been,1.8395674228668213
1,91,shuffling,9.939790271222591
1,92,and,3.096100091934204
1,93,doing,4.198025226593018
1,94,what,3.4326326847076416
1,95,he,0.5782605409622192
1,96,was,1.9146829843521118
1,97,told,2.0188488960266113
1,98,Chad,3.620384693145752
1,99,strained,11.113703727722168
1,100,and,2.7576680183410645
1,101,pounded,7.132781505584717
1,102,the,2.289158344268799
1,103,rock,0.5340806245803833
1,104,into,3.1056227684020996
1,105,the,1.4357759952545166
1,106,iron,8.600275039672852
1,107,hole,5.881490707397461
1,108,until,5.211158752441406
1,109,he,1.591223120689392
1,110,could,2.3930015563964844
1,111,smell,7.403883934020996
1,112,the,1.3247032165527344
1,113,dust,3.6825199127197266
1,114,several,10.75334358215332
1,115,hated,16.3232421875
1,116,must,9.164153099060059
1,117,staring,17.687118530273438
1,118,brother,10.288153648376465
1,119,after,7.105463027954102
1,120,his,5.112511157989502
1,121,weak,8.093977928161621
1,122,not,8.346232414245605
1,123,after,7.428053379058838
1,124,tried,9.300408363342285
1,125,prying,11.21580457687378
1,126,two,7.440306663513184
1,127,expression,14.369128227233887
1,128,other,10.65992546081543
1,129,mad,8.639071464538574
1,130,think,8.05136775970459
1,131,dust,10.517901420593262
1,132,It,7.505123138427734
1,133,smelled,6.3068952560424805
1,134,like,0.37708914279937744
1,135,first,8.979671478271484
1,136,grade,4.329911231994629
1,137,He,6.865596771240234
1,138,wished,6.3918538093566895
1,139,he,1.3053874969482422
1,140,were,3.821575403213501
1,141,there,4.907049655914307
1,142,now,3.9450459480285645
1,143,even,6.657805442810059
1,144,if,1.6168818473815918
1,145,he,0.8211696743965149
1,146,did,4.0095319747924805
1,147,have,4.320913314819336
1,148,to,0.794226348400116
1,149,sit,4.288493633270264
1,150,next,4.037806510925293
1,151,to,0.005549382418394089
1,152,Roy,2.3115203380584717
1,153,The,5.1523051261901855
1,154,rock,4.22779655456543
1,155,was,1.6133036613464355
1,156,too,3.4226832389831543
1,157,big,1.017176628112793
1,158,to,1.3380942344665527
1,159,fit,2.428237199783325
1,160,into,2.5705385208129883
1,161,the,1.664940595626831
1,162,iron,4.122030258178711
1,163,hub,9.91794204711914
1,164,of,3.346129894256592
1,165,the,0.8963279128074646
1,166,big,5.0090227127075195
1,167,cable,7.9431657791137695
1,168,so,5.62034797668457
1,169,Chad,2.718273878097534
1,170,leaned,6.028619766235352
1,171,it,4.989352226257324
1,172,against,2.7110986709594727
1,173,the,0.9270613789558411
1,174,and,7.692781448364258
1,175,slid,4.84529972076416
1,176,down,3.5803511142730713
1,177,off,6.299211025238037
1,178,the,0.7242667078971863
1,179,wood,7.356712341308594
1,180,on,4.868828296661377
1,181,his,1.6478111743927002
1,182,belly,6.237512111663818
1,183,to,3.2206554412841797
1,184,admire,7.055072784423828
1,185,his,2.6797757148742676
1,186,handiwork,10.663203466450796
1,187,The,3.3981776237487793
1,188,fort,12.313215255737305
1,189,was,1.287318229675293
1,190,a,2.4623491764068604
1,191,lone,9.212654113769531
1,192,wooden,4.317556858062744
1,193,cable,8.498601913452148
1,194,like,5.54130744934082
1,195,a,1.5321310758590698
1,196,tall,6.364952564239502
1,197,barrel,7.729974746704102
1,198,with,2.65644907951355
1,199,thick,5.9568281173706055
1,200,disks,9.697509765625
1,201,on,3.1378698348999023
1,202,its,3.2180633544921875
1,203,ends,4.5916595458984375
1,204,each,6.804953575134277
1,205,the,5.643285751342773
1,206,size,3.1995577812194824
1,207,of,0.010748823173344135
1,208,a,0.3771299421787262
1,209,dinner,7.837240219116211
1,210,table,3.383871078491211
1,211,Several,8.485417366027832
1,212,boards,7.210722923278809
1,213,were,2.1775996685028076
1,214,missing,5.622797012329102
1,215,making,7.494565963745117
1,216,a,3.1462254524230957
1,217,door,7.688924789428711
1,218,to,2.882718086242676
1,219,the,0.5311629176139832
1,220,small,4.447143077850342
1,221,room,3.2616705894470215
1,222,inside,4.956569671630859
1,223,The,3.41477632522583
1,224,tall,7.071903228759766
1,225,flag,9.297703742980957
1,226,marked,6.256113529205322
1,227,it,3.775639057159424
1,228,as,1.5716060400009155
1,229,to,6.5317511558532715
1,230,defend,8.465970993041992
1,231,now,8.82278060913086
1,232,He,6.348699569702148
1,233,looked,3.6358859539031982
1,234,around,2.598952293395996
1,235,trying,5.113499164581299
1,236,not,2.129380941390991
1,237,to,0.011824163608253002
1,238,seem,7.2138824462890625
1,239,nervous,4.546974182128906
1,240,The,3.1999759674072266
1,241,sky,6.83906364440918
1,242,met,11.310159683227539
1,243,the,0.7787705659866333
1,244,flat,5.952337741851807
1,245,ground,2.737081527709961
1,246,in,3.4409937858581543
1,247,all,5.74715518951416
1,248,directions,0.17117130756378174
1,249,on,4.930256366729736
1,250,the,0.7151883244514465
1,251,other,3.8230462074279785
1,252,side,0.047353580594062805
1,253,of,0.2833717167377472
1,254,the,0.0764184221625328
1,255,chain,7.023665904998779
1,256,link,3.622690439224243
1,257,fence,0.1626996248960495
1,258,Chad,5.684892654418945
1,259,checked,6.577775955200195
1,260,the,1.2171112298965454
1,261,other,5.2848944664001465
1,262,fort,8.02666187286377
1,263,out,5.439676284790039
1,264,of,2.636667013168335
1,265,the,1.1845712661743164
1,266,corner,3.3584508895874023
1,267,of,0.04954664036631584
1,268,his,0.017438771203160286
1,269,eye,0.017737220972776413
1,270,Two,6.522523880004883
1,271,forts,11.287225723266602
1,272,stood,5.067200660705566
1,273,on,2.3649375438690186
1,274,the,0.7118297815322876
1,275,playground,10.693841934204102
1,276,and,2.3345813751220703
1,277,a,2.8592493534088135
1,278,hot,7.506795406341553
1,279,bare,10.359199523925781
1,280,battlefield,10.39344596862793
1,281,separated,8.608078002929688
1,282,them,1.2609730958938599
1,283,A,5.499398708343506
1,284,massive,5.700361251831055
1,285,rusted,7.875507831573486
1,286,A,8.822168350219727
1,287,frame,9.787501335144043
1,288,swing,7.575280666351318
1,289,marked,7.323375225067139
1,290,the,0.6448056101799011
1,291,border,6.557437896728516
1,292,though,9.436668395996094
1,293,nobody,6.592933177947998
1,294,was,2.5924878120422363
1,295,swinging,8.851298332214355
1,296,in,3.8968238830566406
1,297,the,1.2772295475006104
1,298,hot,5.6674909591674805
1,299,sun,1.2125508785247803
1,300,The,2.415208101272583
1,301,larger,7.98544454574585
1,302,of,2.945341110229492
1,303,the,0.1464579850435257
1,304,two,0.28679683804512024
1,305,forts,4.147849916480482
1,306,was,1.4438289403915405
1,307,a,2.2795727252960205
1,308,squat,6.62703800201416
1,309,black,3.662261486053467
1,310,bunker,7.601816654205322
1,311,made,4.485875606536865
1,312,of,0.734538197517395
1,313,tires,8.708802223205566
1,314,two,6.569577693939209
1,315,big,3.983717203140259
1,316,tractor,9.277399063110352
1,317,tires,4.2614850997924805
1,318,capped,9.610429763793945
1,319,with,0.9169807434082031
1,320,one,5.799581527709961
1,321,from,6.584296703338623
1,322,a,1.2802716493606567
1,323,truck,3.697399854660034
1,324,and,2.3446671962738037
1,325,two,2.2678890228271484
1,326,smaller,3.9880728721618652
1,327,ones,1.387037754058838
1,328,from,0.7844749093055725
1,329,cars,4.978574752807617
1,330,The,2.900606155395508
1,331,older,6.112175464630127
1,332,boys,7.530093193054199
1,333,lay,8.163614273071289
1,334,around,4.883816719055176
1,335,in,3.3031256198883057
1,336,shade,8.414192199707031
1,337,and,2.3359391689300537
1,338,napped,10.542084455490112
1,339,inside,6.318201065063477
1,340,the,1.0418580770492554
1,341,walls,6.597163677215576
1,342,thing,10.63973617553711
1,343,could,5.729547500610352
1,344,while,12.517637252807617
1,345,than,11.32016658782959
1,346,blinked,9.299412727355957
1,347,breath,12.028962135314941
1,348,corner,11.410186767578125
1,349,hard,8.078758239746094
1,350,cinder,11.470643758773804
1,351,boy,9.756653785705566
1,352,force,11.023690223693848
1,353,this,6.822530746459961
1,354,put,8.34980297088623
1,355,faster,10.896289825439453
1,356,weapons,9.446819305419922
1,357,sob,12.979791641235352
1,358,brain,9.554571151733398
1,359,start,8.09048843383789
1,360,They,8.72081470489502
1,361,were,1.951616644859314
1,362,watching,5.843049049377441
1,363,now,6.249640941619873
1,364,from,4.583016872406006
1,365,well,8.86265754699707
1,366,defended,10.074869155883789
1,367,spy,9.49692153930664
1,368,holes,4.677798271179199
1,369,or,5.211252212524414
1,370,maybe,4.144775390625
1,371,they,2.102365493774414
1,372,were,0.9827543497085571
1,373,performing,12.02413272857666
1,374,secret,5.836636543273926
1,375,experiments,3.1864166259765625
1,376,and,3.2730960845947266
1,377,swearing,10.471044540405273
1,378,bloody,7.188581943511963
1,379,oaths,4.6196534633636475
1,380,Chad,5.327317714691162
1,381,wished,7.581140518188477
1,382,he,0.8497260212898254
1,383,were,2.246387481689453
1,384,old,6.9654059410095215
1,385,enough,1.5021741390228271
1,386,to,0.17252874374389648
1,387,be,2.5457241535186768
1,388,one,5.415497779846191
1,389,of,0.48756563663482666
1,390,them,0.8881641030311584
1,391,Maybe,6.295345783233643
1,392,Tucker,15.339624404907227
1,393,would,2.3822574615478516
1,394,let,4.380488395690918
1,395,him,0.9644297957420349
1,396,in,3.3417351245880127
1,397,after,4.608942985534668
1,398,he,1.6162570714950562
1,399,saw,4.484594345092773
1,400,Chad,5.882037162780762
1,401,chicken,12.143904685974121
1,402,You,9.465923309326172
1,403,play,8.009084701538086
1,404,robots,10.781341552734375
1,405,Roy,7.261526107788086
1,406,asked,5.370083808898926
1,407,Chad,4.61735200881958
1,408,felt,12.010986328125
1,409,his,2.180063247680664
1,410,heart,2.316254138946533
1,411,beat,2.737431764602661
1,412,a,3.535778522491455
1,413,little,0.7776360511779785
1,414,faster,2.2500863075256348
1,415,and,2.418856620788574
1,416,his,2.739987850189209
1,417,cheeks,4.565402030944824
1,418,burned,3.3346667289733887
1,419,He,4.827765941619873
1,420,had,3.544652223587036
1,421,invented,10.429004669189453
1,422,the,1.5394277572631836
1,423,robots,5.976149559020996
1,424,game,8.80278205871582
1,425,to,3.7861709594726562
1,426,make,3.221255302429199
1,427,fun,3.737433433532715
1,428,of,0.13504557311534882
1,429,Roy,3.5411453247070312
1,430,but,2.800670862197876
1,431,Roy,3.1044516563415527
1,432,had,2.1026415824890137
1,433,never,2.2692673206329346
1,434,figured,4.24953556060791
1,435,that,4.0016655921936035
1,436,out,0.16065554320812225
1,437,either,6.530224800109863
1,438,It,4.076601982116699
1,439,was,0.6992085576057434
1,440,Roy,6.64388370513916
1,441,shuffled,15.205449342727661
1,442,off,4.0073347091674805
1,443,without,7.282105922698975
1,444,argument,9.566519737243652
1,445,his,4.754246234893799
1,446,baseball,10.286092758178711
1,447,cap,2.163295269012451
1,448,pulled,4.817142486572266
1,449,low,5.709839820861816
1,450,to,2.46720027923584
1,451,cover,3.5342659950256348
1,452,his,0.3085222542285919
1,453,bald,5.598068714141846
1,454,head,0.3084251582622528
1,455,and,2.0216498374938965
1,456,brain,9.798988342285156
1,457,plug,11.85683822631836
1,458,and,4.404810428619385
1,459,his,2.673846483230591
1,460,shoe,7.045807361602783
1,461,laces,6.577824175357819
1,462,untied,7.942449331283569
1,463,focused,13.372251510620117
1,464,did,10.081673622131348
1,465,after,8.569348335266113
1,466,older,11.12527847290039
1,467,oaths,16.37997615337372
1,468,they,5.289340019226074
1,469,sun,11.170797348022461
1,470,oaths,15.716792702674866
1,471,only,6.2517900466918945
1,472,complete,9.488775253295898
1,473,iron,9.095285415649414
1,474,forehead,10.649103164672852
1,475,old,7.57649040222168
1,476,nursery,12.454508781433105
1,477,he,5.055540084838867
1,478,doing,11.127717971801758
1,479,Roy,8.398974418640137
1,480,had,3.207496166229248
1,481,taught,4.991968154907227
1,482,him,0.38423100113868713
1,483,to,1.7230274677276611
1,484,tie,6.42041015625
1,485,his,1.6589257717132568
1,486,shoes,2.330404043197632
1,487,when,4.10446834564209
1,488,Chad,7.998425006866455
1,489,was,1.9690550565719604
1,490,five,4.251493453979492
1,491,He,3.1938886642456055
1,492,thought,4.205319881439209
1,493,about,2.0001566410064697
1,494,gathering,11.112007141113281
1,495,himself,6.495786666870117
1,496,Roy,6.61080265045166
1,497,was,2.633798837661743
1,498,too,4.438924789428711
1,499,slow,5.261333465576172
1,500,but,3.5946457386016846
1,501,he,1.721527099609375
1,502,dare,10.760061264038086
1,503,step,10.094391822814941
1,504,away,4.138796329498291
1,505,from,1.283149242401123
1,506,his,2.2193603515625
1,507,fort,5.147200584411621
1,508,He,4.387186050415039
1,509,took,4.553377628326416
1,510,another,4.217486381530762
1,511,careful,8.0516357421875
1,512,look,2.0824995040893555
1,513,over,3.4205057621002197
1,514,his,0.6631755232810974
1,515,shoulder,0.451504111289978
1,516,and,1.3511110544204712
1,517,bent,7.522021293640137
1,518,to,3.4991400241851807
1,519,pluck,11.219181060791016
1,520,a,2.0277013778686523
1,521,yucca,14.087075889110565
1,522,spear,8.73180103302002
1,523,as,5.52964973449707
1,524,if,2.630486011505127
1,525,that,4.898645877838135
1,526,were,2.9473953247070312
1,527,what,3.457235336303711
1,528,drew,7.215914249420166
1,529,his,2.0152463912963867
1,530,interest,4.439877510070801
1,531,The,2.673089027404785
1,532,long,4.9969072341918945
1,533,blade,4.48781681060791
1,534,of,2.1322154998779297
1,535,the,0.9844662547111511
1,536,yucca,3.6068652702961117
1,537,had,3.7349867820739746
1,538,a,1.9039965867996216
1,539,sharp,2.9111766815185547
1,540,tip,2.971278190612793
1,541,but,4.492924690246582
1,542,the,2.6071536540985107
1,543,only,4.951775074005127
1,544,weapons,7.218305587768555
1,545,allowed,7.140422821044922
1,546,according,9.803481101989746
1,547,to,0.04544428363442421
1,548,Nursery,18.2442906498909
1,549,rules,1.370916724205017
1,550,of,4.171717643737793
1,551,engagement,5.4609174728393555
1,552,were,2.905597448348999
1,553,smelly,12.079695224761963
1,554,or,4.565450668334961
1,555,stems,11.600092887878418
1,556,covered,7.5898237228393555
1,557,with,1.1081397533416748
1,558,spiked,9.167802810668945
1,559,yellow,6.692890167236328
1,560,The,8.998435974121094
1,561,tiny,6.463743209838867
1,562,hurt,10.854063987731934
1,563,but,6.189435958862305
1,564,nobody,7.344208717346191
1,565,was,2.2881813049316406
1,566,allowed,7.675686836242676
1,567,to,0.24143429100513458
1,568,beat,5.924506187438965
1,569,you,5.3562116622924805
1,570,up,2.2643251419067383
1,571,if,4.607624053955078
1,572,you,0.4947381615638733
1,573,just,5.386699199676514
1,574,used,5.130561828613281
1,575,The,8.729278564453125
1,576,hot,7.001710891723633
1,577,August,11.617805480957031
1,578,sun,0.701555073261261
1,579,was,2.3211042881011963
1,580,settling,8.104494094848633
1,581,toward,7.879770755767822
1,582,the,0.3828669488430023
1,583,time,7.944334983825684
1,584,that,4.293784141540527
1,585,Rayburn,14.440760612487793
1,586,would,4.101309776306152
1,587,bring,5.417707920074463
1,588,the,2.0738391876220703
1,589,milk,9.436919212341309
1,590,tray,8.298314094543457
1,591,out,4.042378902435303
1,592,of,1.101540446281433
1,593,the,0.40474045276641846
1,594,cinder,7.725658059120178
1,595,block,2.622738838195801
1,596,building,6.585870265960693
1,597,where,4.55723762512207
1,598,the,1.7456424236297607
1,599,toddlers,8.889045715332031
1,600,and,3.2713613510131836
1,601,babies,5.143336296081543
1,602,were,1.495734691619873
1,603,kept,4.443981170654297
1,604,The,3.1117982864379883
1,605,older,5.494068145751953
1,606,boys,0.3918365240097046
1,607,wait,9.027908325195312
1,608,much,9.18777847290039
1,609,longer,0.7894440293312073
1,610,before,3.815305709838867
1,611,attacking,9.105199813842773
1,612,Meanwhile,11.150285720825195
1,613,Roy,1.6131185293197632
1,614,stalked,7.945539464708418
1,615,around,2.239652395248413
1,616,the,0.8634995222091675
1,617,fence,4.51082706451416
1,618,edge,6.643441677093506
1,619,bending,8.018647193908691
1,620,to,2.6048178672790527
1,621,pick,2.8352556228637695
1,622,as,7.686962604522705
1,623,he,2.454754114151001
1,624,went,4.25669527053833
1,625,Every,7.486386299133301
1,626,move,5.09548807144165
1,627,Roy,1.4425349235534668
1,628,made,1.4497883319854736
1,629,since,8.001883506774902
1,630,the,1.6717534065246582
1,631,accident,6.688954830169678
1,632,was,2.615173816680908
1,633,smooth,7.44188117980957
1,634,and,1.4928736686706543
1,635,sudden,6.7818603515625
1,636,and,2.30260968208313
1,637,strange,6.846893310546875
1,638,like,4.392936706542969
1,639,a,1.461535930633545
1,640,remote,9.262699127197266
1,641,control,1.0216985940933228
1,642,boy,7.986393451690674
1,643,When,6.127181529998779
1,644,he,1.3065129518508911
1,645,saw,2.500169038772583
1,646,Roy,1.3848750591278076
1,647,in,4.2114033699035645
1,648,the,0.6280718445777893
1,649,hospital,5.925075531005859
1,650,with,3.9946203231811523
1,651,a,1.4706387519836426
1,652,shaved,8.11861801147461
1,653,head,0.27792805433273315
1,654,and,1.3730300664901733
1,655,the,3.512248992919922
1,656,small,5.194214820861816
1,657,silver,5.778149604797363
1,658,plug,7.6620988845825195
1,659,at,4.917122840881348
1,660,the,0.8810666799545288
1,661,back,3.035349130630493
1,662,of,0.3783695101737976
1,663,his,0.05406634137034416
1,664,like,9.860796928405762
1,665,a,1.3315633535385132
1,666,bottle,8.10296630859375
1,667,cap,6.0815749168396
1,668,Chad,7.060273170471191
1,669,had,3.4763095378875732
1,670,called,5.548070907592773
1,671,him,2.408975839614868
1,672,Remote,12.682049751281738
1,673,Control,2.091822624206543
1,674,Boy,2.064502000808716
1,675,border,12.396958351135254
1,676,sharp,8.740050315856934
1,677,walk,9.537103652954102
1,678,really,9.625473022460938
1,679,every,7.670544624328613
1,680,something,10.792882919311523
1,681,grade,13.844318389892578
1,682,blade,10.714348793029785
1,683,over,6.609048843383789
1,684,Momma,14.790453910827637
1,685,had,4.615306854248047
1,686,smacked,9.575234651565552
1,687,Chad,5.57371711730957
1,688,for,5.15436315536499
1,689,saying,4.665859222412109
1,690,it,2.907370090484619
1,691,which,7.645111560821533
1,692,hurt,4.795511722564697
1,693,and,3.5760750770568848
1,694,then,4.221175670623779
1,695,she,4.888415813446045
1,696,had,2.807199239730835
1,697,cried,6.608668327331543
1,698,which,7.060208797454834
1,699,was,2.3065457344055176
1,700,worse,5.683564186096191
1,701,Pop,11.128349304199219
1,702,had,4.805558204650879
1,703,given,5.311611652374268
1,704,Chad,4.6651458740234375
1,705,the,1.7780559062957764
1,706,sideways,10.46819019317627
1,707,glance,5.032154083251953
1,708,that,3.02046799659729
1,709,promised,7.635540008544922
1,710,hard,8.280169486999512
1,711,labor,6.160223960876465
1,712,when,4.5096635818481445
1,713,they,3.1841654777526855
1,714,made,4.748555660247803
1,715,it,1.3184195756912231
1,716,home,2.896350383758545
1,717,Chad,4.214707851409912
1,718,just,4.978037357330322
1,719,his,8.45652961730957
1,720,head,3.5555548667907715
1,721,He,7.347137928009033
1,722,knew,3.8459529876708984
1,723,it,2.6033546924591064
1,724,was,0.6583356261253357
1,725,too,4.3945746421813965
1,726,late,1.0454561710357666
1,727,to,2.251375198364258
1,728,explain,7.120733261108398
1,729,that,3.7617950439453125
1,730,he,2.2815399169921875
1,731,was,1.3133968114852905
1,732,trying,4.468863487243652
1,733,to,0.1444936841726303
1,734,get,2.474832773208618
1,735,a,2.620042085647583
1,736,smile,7.132945537567139
1,737,out,2.801525592803955
1,738,of,0.17680400609970093
1,739,Roy,2.05243182182312
1,740,Pop,7.323419570922852
1,741,said,4.211882591247559
1,742,The,6.545733451843262
1,743,doctors,7.098517417907715
1,744,have,5.283637046813965
1,745,put,5.452732086181641
1,746,something,6.209868907928467
1,747,very,6.578970909118652
1,748,special,2.2835144996643066
1,749,in,1.4602206945419312
1,750,Roy,1.7436631917953491
1,751,Roy,3.3657078742980957
1,752,Roy,11.016742706298828
1,753,Roy,6.812243461608887
1,754,shake,11.083168983459473
1,755,jerk,9.928406715393066
1,756,moan,9.203746795654297
1,757,sick,9.000175476074219
1,758,sound,7.178627014160156
1,759,But,6.574914932250977
1,760,thing,10.030439376831055
1,761,in,4.650501728057861
1,762,his,2.379610061645508
1,763,head,1.4504832029342651
1,764,worked,7.848366737365723
1,765,yet,8.7510986328125
1,766,because,6.288507461547852
1,767,of,1.5557910203933716
1,768,having,7.42173957824707
1,769,do,9.50251579284668
1,770,electric,10.423575401306152
1,771,toads,10.493030548095703
1,772,which,5.596363067626953
1,773,sit,8.375258445739746
1,774,up,4.400624752044678
1,775,Roy,7.2808308601379395
1,776,really,7.244622707366943
1,777,start,7.832551002502441
1,778,talking,4.7850565910339355
1,779,days,12.058685302734375
1,780,until,5.674923419952393
1,781,long,7.337639808654785
1,782,time,3.399164915084839
1,783,after,4.075736999511719
1,784,without,8.482200622558594
1,785,same,10.498608589172363
1,786,finished,10.089205741882324
1,787,tray,11.629103660583496
1,788,bunker,13.927183151245117
1,789,Now,7.712514400482178
1,790,year,10.688538551330566
1,791,Roy,5.557580947875977
1,792,was,2.689584732055664
1,793,same,11.140707015991211
1,794,grade,7.756844997406006
1,795,as,2.827953815460205
1,796,it,5.843799114227295
1,797,was,0.8550357818603516
1,798,embarrassing,12.352827072143555
1,799,Roy,2.7982075214385986
1,800,stepped,7.357361793518066
1,801,edge,10.855650901794434
1,802,of,1.9045236110687256
1,803,building,6.831563472747803
1,804,out,5.323160171508789
1,805,of,1.1934212446212769
1,806,sight,7.494788646697998
1,807,Just,7.301146507263184
1,808,then,4.770846366882324
1,809,Tucker,10.74789810180664
1,810,Williams,9.541410446166992
1,811,came,2.6386525630950928
1,812,climbing,8.383522033691406
1,813,out,1.5695592164993286
1,814,of,0.5690107941627502
1,815,top,8.336177825927734
1,816,of,0.5110889077186584
1,817,black,7.816140651702881
1,818,fort,5.762177467346191
1,819,like,4.832161903381348
1,820,gold,8.865474700927734
1,821,headed,9.06936264038086
1,822,monster,6.707751274108887
1,823,Tucker,8.19915771484375
1,824,was,2.4786925315856934
1,825,big,6.700765609741211
1,826,even,7.437145233154297
1,827,third,11.060114860534668
1,828,grader,3.9822553396224976
1,829,was,4.450899124145508
1,830,not,4.724140644073486
1,831,quite,5.481260299682617
1,832,right,4.044096946716309
1,833,in,4.09641170501709
1,834,different,8.932350158691406
1,835,way,3.5877203941345215
1,836,than,4.395033359527588
1,837,Roy,3.3714122772216797
1,838,Tucker,5.201728820800781
1,839,was,1.8924546241760254
1,840,oldest,11.693652153015137
1,841,boy,2.9757325649261475
1,842,in,2.8617706298828125
1,843,playground,7.853971481323242
1,844,one,6.43903923034668
1,845,who,6.302297592163086
1,846,decided,7.453333377838135
1,847,rules,9.250687599182129
1,848,of,1.8499144315719604
1,849,game,7.321983337402344
1,850,Time,9.407506942749023
1,851,out,6.59007453918457
1,852,called,9.239909172058105
1,853,not,8.605627059936523
1,854,ready,6.567002296447754
1,855,yet,3.3564395904541016
1,856,No,6.197969436645508
1,857,time,3.959475517272949
1,858,outs,8.432415008544922
1,859,Tucker,7.0280327796936035
1,860,shouted,5.838428020477295
1,861,and,3.394559860229492
1,862,continued,7.198534965515137
1,863,to,1.3527535200119019
1,864,climb,4.245378494262695
1,865,down,2.340245008468628
1,866,the,1.7636455297470093
1,867,tires,12.786914825439453
1,868,Several,9.372800827026367
1,869,more,3.3930485248565674
1,870,boys,4.628593444824219
1,871,out,6.99534797668457
1,872,after,6.372276306152344
1,873,him,3.301597833633423
1,874,Roy,3.622255802154541
1,875,Chad,9.803706169128418
1,876,called,6.072602272033691
1,877,but,6.598093509674072
1,878,his,3.956364393234253
1,879,voice,2.2777669429779053
1,880,would,5.5686936378479
1,881,only,3.2963058948516846
1,882,whisper,5.415283679962158
1,883,He,4.754561424255371
1,884,want,9.371692657470703
1,885,to,0.8026943802833557
1,886,be,3.0656139850616455
1,887,a,2.7756664752960205
1,888,crybaby,10.728509306907654
1,889,Tucker,6.090403079986572
1,890,hated,6.460330963134766
1,891,The,6.793028831481934
1,892,rules,5.610941410064697
1,893,of,0.8421968221664429
1,894,the,1.4490958452224731
1,895,game,0.12046878784894943
1,896,were,3.756030321121216
1,897,that,3.844719171524048
1,898,Chad,7.672241687774658
1,899,had,2.2511301040649414
1,900,to,0.4487345814704895
1,901,keep,3.6584787368774414
1,902,everyone,7.0280561447143555
1,903,away,3.5327444076538086
1,904,from,0.39571431279182434
1,905,his,2.782533645629883
1,906,fort,3.348050594329834
1,907,and,2.3751533031463623
1,908,away,6.962547302246094
1,909,from,0.02879936620593071
1,910,his,1.6467881202697754
1,911,flag,8.175671577453613
1,912,From,9.050005912780762
1,913,painful,12.920843124389648
1,914,experience,4.657880783081055
1,915,he,2.6552906036376953
1,916,knew,2.7750282287597656
1,917,it,2.6858572959899902
1,918,was,0.5140870809555054
1,919,too,3.1339974403381348
1,920,slow,5.846131324768066
1,921,or,4.79194974899292
1,922,too,1.9427266120910645
1,923,weak,6.581793308258057
1,924,do,9.10013198852539
1,925,anything,5.091808795928955
1,926,Tucker,8.152442932128906
1,927,liked,5.430533409118652
1,928,hit,9.625934600830078
1,929,and,3.4244279861450195
1,930,liked,12.23132610321045
1,931,see,6.959939956665039
1,932,blood,7.056093215942383
1,933,down,6.690314292907715
1,934,too,7.867587089538574
1,935,would,7.971978187561035
1,936,only,5.333241939544678
1,937,make,4.024891376495361
1,938,him,1.9491347074508667
1,939,mad,4.237299919128418
1,940,so,4.871823310852051
1,941,Chad,5.556054592132568
1,942,reached,6.2227396965026855
1,943,behind,4.688253402709961
1,944,him,1.4978094100952148
1,945,grab,5.156682014465332
1,946,the,2.043264389038086
1,947,five,8.877559661865234
1,948,stickers,10.498329162597656
1,949,had,7.571691513061523
1,950,managed,8.467476844787598
1,951,collect,11.972343444824219
1,952,before,5.9267778396606445
1,953,the,2.668614625930786
1,954,start,6.391477584838867
1,955,of,0.8326674699783325
1,956,the,0.8178327679634094
1,957,game,1.9517303705215454
1,958,and,2.4162867069244385
1,959,readied,12.106431007385254
1,960,himself,2.257082939147949
1,961,The,5.008894920349121
1,962,boys,3.5310370922088623
1,963,came,4.581653594970703
1,964,in,3.314750909805298
1,965,quick,4.793386459350586
1,966,from,5.008304119110107
1,967,all,3.8325629234313965
1,968,sides,2.013366460800171
1,969,knocking,7.404153823852539
1,970,Chad,5.2664031982421875
1,971,down,2.510948419570923
1,972,but,3.9746880531311035
1,973,managed,7.395061492919922
1,974,roll,10.049291610717773
1,975,his,3.938258647918701
1,976,feet,4.233901023864746
1,977,and,2.188413381576538
1,978,get,3.9571001529693604
1,979,one,5.278744697570801
1,980,sticker,4.678243160247803
1,981,off,2.6630630493164062
1,982,into,8.300813674926758
1,983,a,2.3951821327209473
1,984,arm,9.531017303466797
1,985,before,5.034945964813232
1,986,being,4.788330554962158
1,987,knocked,3.6616010665893555
1,988,down,1.6360411643981934
1,989,again,2.289572238922119
1,990,Baby,10.873855590820312
1,991,Tucker,5.603050708770752
1,992,was,2.229013442993164
1,993,standing,4.77696418762207
1,994,over,3.5539937019348145
1,995,him,1.4994597434997559
1,996,with,2.9414312839508057
1,997,the,2.263833522796631
1,998,huge,7.257006645202637
1,999,held,10.393836975097656
1,1000,high,5.995888710021973
1,1001,in,3.2276456356048584
1,1002,the,2.025608539581299
1,1003,sun,7.797125339508057
1,1004,Penis,13.753190994262695
1,1005,You,9.685147285461426
1,1006,fight,8.670716285705566
1,1007,Chad,6.337501525878906
1,1008,tried,5.943460941314697
1,1009,tell,8.815169334411621
1,1010,his,2.703941822052002
1,1011,arms,7.857946395874023
1,1012,lift,9.069336891174316
1,1013,him,2.3031771183013916
1,1014,and,2.8728995323181152
1,1015,let,5.002586841583252
1,1016,him,0.7745169997215271
1,1017,reach,5.425593852996826
1,1018,for,2.1621711254119873
1,1019,the,0.7902098298072815
1,1020,prove,14.18879508972168
1,1021,a,4.356039047241211
1,1022,baby,5.766964912414551
1,1023,Tucker,4.407306671142578
1,1024,But,9.359724044799805
1,1025,much,7.281974792480469
1,1026,wanted,7.5845184326171875
1,1027,appease,15.540067672729492
1,1028,the,1.948462724685669
1,1029,scary,9.011882781982422
1,1030,staring,9.234734535217285
1,1031,angry,8.672456741333008
1,1032,boy,4.097054958343506
1,1033,move,8.415203094482422
1,1034,for,4.269222259521484
1,1035,fear,5.6391706466674805
1,1036,of,1.1000123023986816
1,1037,what,4.547585487365723
1,1038,was,4.034914970397949
1,1039,coming,1.5234454870224
1,1040,next,3.571321964263916
1,1041,make,7.558234691619873
1,1042,you,4.118307590484619
1,1043,fight,4.462543487548828
1,1044,Tucker,6.496893405914307
1,1045,leaned,7.944760322570801
1,1046,in,2.540250778198242
1,1047,low,6.519974231719971
1,1048,and,2.0810885429382324
1,1049,his,4.062765121459961
1,1050,breath,6.570178031921387
1,1051,was,1.7353529930114746
1,1052,sour,7.002235412597656
1,1053,it,4.880145072937012
1,1054,blew,7.310657978057861
1,1055,in,2.955272674560547
1,1056,face,9.14330005645752
1,1057,na,14.229711532592773
1,1058,take,8.228513717651367
1,1059,the,1.9278020858764648
1,1060,plug,7.209183692932129
1,1061,out,2.247183084487915
1,1062,Then,8.184273719787598
1,1063,face,7.60307502746582
1,1064,became,7.043907165527344
1,1065,serious,6.829575538635254
1,1066,The,4.760668754577637
1,1067,of,8.844537734985352
1,1068,what,5.576613426208496
1,1069,intended,11.379150390625
1,1070,pulling,10.06112289428711
1,1071,his,2.9384469985961914
1,1072,eyes,3.5577409267425537
1,1073,wider,8.73129653930664
1,1074,still,5.144779682159424
1,1075,From,9.268817901611328
1,1076,his,3.088618755340576
1,1077,pocket,7.325432777404785
1,1078,pulled,6.977418899536133
1,1079,a,2.865372657775879
1,1080,small,2.8855531215667725
1,1081,screwdriver,8.176466464996338
1,1082,perfect,10.977089881896973
1,1083,for,1.2339671850204468
1,1084,prying,8.271138429641724
1,1085,plugs,8.300568580627441
1,1086,from,2.5383145809173584
1,1087,heads,8.168449401855469
1,1088,Now,7.393732070922852
1,1089,legs,7.143807411193848
1,1090,and,3.5166139602661133
1,1091,arms,2.404233932495117
1,1092,and,3.445028781890869
1,1093,mouth,5.215561866760254
1,1094,worked,7.56869649887085
1,1095,and,3.2443478107452393
1,1096,was,5.22678279876709
1,1097,up,6.6375932693481445
1,1098,and,2.3064472675323486
1,1099,running,3.3981974124908447
1,1100,and,3.6773781776428223
1,1101,screaming,5.902387619018555
1,1102,Roy,6.692858695983887
1,1103,go,7.407087802886963
1,1104,inside,5.34677791595459
1,1105,remote,11.704032897949219
1,1106,room,5.91904354095459
1,1107,voice,7.213306427001953
1,1108,truck,10.520633697509766
1,1109,would,6.175992965698242
1,1110,so,7.564753532409668
1,1111,what,6.88709831237793
1,1112,going,7.771894454956055
1,1113,silver,12.560041427612305
1,1114,taught,12.597423553466797
1,1115,screaming,9.945528030395508
1,1116,toads,14.226492881774902
1,1117,play,7.449576377868652
1,1118,being,9.023090362548828
1,1119,Roy,9.307984352111816
1,1120,He,5.403623104095459
1,1121,sprinted,8.67586174607277
1,1122,for,3.733335018157959
1,1123,the,0.8298095464706421
1,1124,corner,5.323271751403809
1,1125,of,2.2773091793060303
1,1126,the,0.46874064207077026
1,1127,building,2.7477245330810547
1,1128,around,7.365513801574707
1,1129,which,5.298903465270996
1,1130,Roy,4.534778118133545
1,1131,had,2.8044583797454834
1,1132,disappeared,6.765676498413086
1,1133,The,3.8667492866516113
1,1134,door,4.236010551452637
1,1135,was,1.957053542137146
1,1136,on,4.756281852722168
1,1137,that,5.829768180847168
1,1138,side,2.695284366607666
1,1139,and,2.3069610595703125
1,1140,Rayburn,8.194149177521467
1,1141,Just,9.887979507446289
1,1142,then,1.8304226398468018
1,1143,a,2.985011100769043
1,1144,horrible,7.696955680847168
1,1145,pain,4.776332378387451
1,1146,stung,8.651002883911133
1,1147,Chad,3.7814199924468994
1,1148,cheek,11.916728973388672
1,1149,and,2.2120652198791504
1,1150,neck,4.515414237976074
1,1151,and,1.8261793851852417
1,1152,ear,6.78499698638916
1,1153,The,3.6833109855651855
1,1154,yellow,6.335851669311523
1,1155,branches,10.226127624511719
1,1156,scratched,7.848859786987305
1,1157,around,4.839641094207764
1,1158,him,3.4882993698120117
1,1159,as,3.7413716316223145
1,1160,it,4.255035400390625
1,1161,dug,7.03701639175415
1,1162,into,1.3555612564086914
1,1163,his,0.5429245829582214
1,1164,face,3.6176154613494873
1,1165,Tucker,9.130613327026367
1,1166,made,5.369532585144043
1,1167,a,1.5761178731918335
1,1168,grab,6.108591079711914
1,1169,for,0.9398496150970459
1,1170,him,4.954122543334961
1,1171,but,2.237553834915161
1,1172,missed,5.815485000610352
1,1173,it,2.542922019958496
1,1174,and,2.2189621925354004
1,1175,Chad,5.81704044342041
1,1176,heard,5.217656135559082
1,1177,his,2.865088939666748
1,1178,shirt,8.159080505371094
1,1179,rip,6.059657573699951
1,1180,a,4.4509806632995605
1,1181,little,2.209958553314209
1,1182,about,8.182761192321777
1,1183,different,10.004728317260742
1,1184,going,8.05816650390625
1,1185,beat,9.515094757080078
1,1186,face,7.725400924682617
1,1187,since,9.67115306854248
1,1188,trouble,10.230862617492676
1,1189,either,9.280341148376465
1,1190,scary,11.710944175720215
1,1191,covered,10.519170761108398
1,1192,them,5.065258502960205
1,1193,only,6.3050642013549805
1,1194,swearing,11.92820930480957
1,1195,take,8.611775398254395
1,1196,sour,11.594381332397461
1,1197,screwdriver,10.992401003837585
1,1198,your,8.369775772094727
1,1199,He,10.311566352844238
1,1200,ran,3.753596067428589
1,1201,like,4.999629020690918
1,1202,only,8.376358032226562
1,1203,a,2.194873332977295
1,1204,small,4.82843017578125
1,1205,boy,2.3751070499420166
1,1206,can,5.497021198272705
1,1207,run,2.029066562652588
1,1208,but,3.4068126678466797
1,1209,he,2.0493979454040527
1,1210,was,2.269923686981201
1,1211,losing,6.785980701446533
1,1212,and,3.4604508876800537
1,1213,he,2.6198692321777344
1,1214,wished,8.127981185913086
1,1215,hard,7.6515936851501465
1,1216,that,4.0507988929748535
1,1217,he,0.9541484713554382
1,1218,could,0.8731302618980408
1,1219,fly,5.96710205078125
1,1220,Roy,4.760420799255371
1,1221,Chad,5.067021369934082
1,1222,rounded,8.85291576385498
1,1223,the,1.3531581163406372
1,1224,corner,0.09699884057044983
1,1225,grabbing,5.5686564445495605
1,1226,the,1.349896788597107
1,1227,cinder,7.542649835348129
1,1228,block,0.07593292742967606
1,1229,to,4.438508033752441
1,1230,help,4.802937984466553
1,1231,him,1.9492878913879395
1,1232,turn,5.925994396209717
1,1233,faster,7.127961158752441
1,1234,just,6.0078582763671875
1,1235,as,2.5763680934906006
1,1236,Tucker,5.958188056945801
1,1237,came,3.8161675930023193
1,1238,down,3.1242825984954834
1,1239,again,6.121354579925537
1,1240,with,3.625593423843384
1,1241,the,1.4452228546142578
1,1242,from,10.321616172790527
1,1243,behind,4.771726608276367
1,1244,and,2.8298239707946777
1,1245,the,2.9140031337738037
1,1246,world,7.514967918395996
1,1247,slowed,5.49403190612793
1,1248,almost,7.496995449066162
1,1249,to,2.2009081840515137
1,1250,a,0.3409813344478607
1,1251,stop,0.6488021016120911
1,1252,Roy,3.2986948490142822
1,1253,stood,5.34481143951416
1,1254,with,3.9314537048339844
1,1255,the,1.7688922882080078
1,1256,bill,7.915846824645996
1,1257,of,3.1895859241485596
1,1258,his,1.913204312324524
1,1259,cap,5.943793296813965
1,1260,down,5.0483903884887695
1,1261,His,7.075509548187256
1,1262,head,2.5844435691833496
1,1263,rose,5.411864280700684
1,1264,and,1.729309320449829
1,1265,his,2.5817883014678955
1,1266,eyes,1.6584912538528442
1,1267,focused,6.029926300048828
1,1268,over,5.86694860458374
1,1269,shoulder,9.4401216506958
1,1270,Roy,4.5128173828125
1,1271,held,5.173059463500977
1,1272,stickers,13.403589248657227
1,1273,in,2.808701753616333
1,1274,his,0.5649054050445557
1,1275,hand,0.9856376051902771
1,1276,like,4.133684158325195
1,1277,flowers,9.435259819030762
1,1278,but,3.548417806625366
1,1279,he,2.405369281768799
1,1280,bent,7.980907440185547
1,1281,looking,8.003339767456055
1,1282,down,2.1179895401000977
1,1283,and,2.2181835174560547
1,1284,snatched,7.518611907958984
1,1285,something,5.1032795906066895
1,1286,from,1.1606353521347046
1,1287,the,0.9369711875915527
1,1288,ground,3.3312506675720215
1,1289,His,6.075665473937988
1,1290,hand,2.937264919281006
1,1291,blurred,8.865379333496094
1,1292,and,1.6687147617340088
1,1293,snapped,6.354426860809326
1,1294,out,3.242889642715454
1,1295,as,4.845747470855713
1,1296,he,1.0143909454345703
1,1297,stood,5.159327507019043
1,1298,back,3.412048578262329
1,1299,up,0.35372236371040344
1,1300,Something,9.405424118041992
1,1301,as,6.155932426452637
1,1302,it,3.862349271774292
1,1303,spun,5.253968238830566
1,1304,past,5.4930195808410645
1,1305,Chad,4.7249860763549805
1,1306,turned,6.6781792640686035
1,1307,to,1.845884919166565
1,1308,look,1.530072569847107
1,1309,inside,5.954503536224365
1,1310,never,10.937114715576172
1,1311,did,5.603257179260254
1,1312,stop,5.150057315826416
1,1313,flat,11.01830768585205
1,1314,dinner,12.6782808303833
1,1315,fun,10.304764747619629
1,1316,Tucker,7.8929643630981445
1,1317,there,8.070577621459961
1,1318,with,3.8072941303253174
1,1319,surprised,11.3983793258667
1,1320,expression,5.124964237213135
1,1321,crossed,7.0359110832214355
1,1322,eyes,4.443686008453369
1,1323,the,4.0428314208984375
1,1324,in,7.886853218078613
1,1325,one,5.458542346954346
1,1326,hand,0.9125131368637085
1,1327,the,3.3947858810424805
1,1328,screwdriver,9.63495647907257
1,1329,held,5.114772319793701
1,1330,up,2.842357873916626
1,1331,high,6.4513750076293945
1,1332,in,1.8665136098861694
1,1333,the,0.2304946631193161
1,1334,other,6.601426601409912
1,1335,ready,7.6212358474731445
1,1336,to,0.7256962656974792
1,1337,stab,7.002267360687256
1,1338,down,5.303042411804199
1,1339,into,5.687079429626465
1,1340,back,7.346743583679199
1,1341,flat,9.241464614868164
1,1342,flint,14.798070907592773
1,1343,rock,8.404870986938477
1,1344,split,7.995294570922852
1,1345,forehead,11.100164413452148
1,1346,was,4.984159469604492
1,1347,buried,8.092348098754883
1,1348,deep,2.7674453258514404
1,1349,solid,8.72896957397461
1,1350,like,5.549067974090576
1,1351,part,7.439247131347656
1,1352,of,0.07352017611265182
1,1353,Halloween,12.569456100463867
1,1354,costume,6.138993740081787
1,1355,complete,6.944988250732422
1,1356,with,1.1055554151535034
1,1357,drop,9.208699226379395
1,1358,of,1.619777798652649
1,1359,blood,3.1200544834136963
1,1360,starting,7.545065402984619
1,1361,down,5.349106311798096
1,1362,toward,6.95536994934082
1,1363,his,2.0548064708709717
1,1364,nose,3.795475959777832
1,1365,Tucker,6.833114147186279
1,1366,dropped,5.650561332702637
1,1367,down,2.9559876918792725
1,1368,like,5.100518703460693
1,1369,jacket,11.903517723083496
1,1370,from,3.981358051300049
1,1371,hook,8.19825553894043
1,1372,lay,10.73857307434082
1,1373,folded,6.916391372680664
1,1374,over,3.169868230819702
1,1375,his,1.8937556743621826
1,1376,own,6.375823020935059
1,1377,lap,5.479328155517578
1,1378,in,4.0036516189575195
1,1379,way,6.941899299621582
1,1380,that,2.523542642593384
1,1381,made,2.7812960147857666
1,1382,Chad,4.75316858291626
1,1383,think,3.369133710861206
1,1384,of,2.397160530090332
1,1385,broken,7.684330940246582
1,1386,things,4.496856689453125
1,1387,You,7.2379961013793945
1,1388,ok,10.080972671508789
1,1389,It,7.463849067687988
1,1390,was,1.0294759273529053
1,1391,Roy,9.22981071472168
1,1392,and,3.0301945209503174
1,1393,when,5.374445915222168
1,1394,Chad,3.7836647033691406
1,1395,looked,3.210681915283203
1,1396,up,2.1092090606689453
1,1397,there,4.499876976013184
1,1398,was,0.38711777329444885
1,1399,something,4.161350727081299
1,1400,like,4.05439567565918
1,1401,his,3.799463987350464
1,1402,brother,6.311892032623291
1,1403,there,5.606614112854004
1,1404,around,7.132143974304199
1,1405,the,2.0014822483062744
1,1406,eyes,8.701001167297363
1,1407,Yeah,8.457635879516602
1,1408,Chad,5.501843452453613
1,1409,stepped,6.301653861999512
1,1410,back,1.4684113264083862
1,1411,away,5.8397979736328125
1,1412,from,1.3383440971374512
1,1413,open,8.614336967468262
1,1414,eyed,6.940546989440918
1,1415,face,4.64159631729126
1,1416,He,5.126859664916992
1,1417,was,2.9611663818359375
1,1418,na,12.647126197814941
1,1419,take,5.950554370880127
1,1420,off,4.633667945861816
1,1421,your,3.7505040168762207
1,1422,head,4.00210428237915
1,1423,plug,8.862349510192871
1,1424,I,5.343682289123535
1,1425,thought,4.285689830780029
1,1426,he,2.601961612701416
1,1427,might,3.6768317222595215
1,1428,stab,7.361903667449951
1,1429,you,1.7143244743347168
1,1430,Roy,5.682904243469238
1,1431,said,5.583968639373779
1,1432,and,4.433723449707031
1,1433,his,4.067976951599121
1,1434,neck,6.075092315673828
1,1435,forward,10.056255340576172
1,1436,to,3.043280601501465
1,1437,look,3.180385112762451
1,1438,at,1.1359142065048218
1,1439,Tucker,6.343029499053955
1,1440,blinked,9.624649047851562
1,1441,and,1.8195170164108276
1,1442,sob,10.162397384643555
1,1443,Nah,11.075567245483398
1,1444,Chad,4.498024940490723
1,1445,said,4.333818435668945
1,1446,na,10.818172454833984
1,1447,be,5.652153491973877
1,1448,in,3.9573044776916504
1,1449,trouble,5.398716926574707
1,1450,Yeah,7.426301956176758
1,1451,Roy,4.516014099121094
1,1452,said,1.6542689800262451
1,1453,scary,11.111557960510254
1,1454,ends,10.756856918334961
1,1455,had,7.360836982727051
1,1456,felt,7.584204196929932
1,1457,cinder,9.936218738555908
1,1458,lay,12.125198364257812
1,1459,white,7.555497646331787
1,1460,mad,9.081884384155273
1,1461,having,9.169912338256836
1,1462,shake,13.246990203857422
1,1463,going,9.257606506347656
1,1464,special,9.71582317352295
1,1465,about,6.81141471862793
1,1466,missing,6.916028022766113
1,1467,roll,9.944891929626465
1,1468,bottle,10.105999946594238
1,1469,he,3.948092460632324
1,1470,shrugged,8.01531982421875
1,1471,Suddenly,10.129019737243652
1,1472,his,3.0982506275177
1,1473,blank,10.48146915435791
1,1474,seemed,8.027753829956055
1,1475,like,2.3561911582946777
1,1476,of,7.621150970458984
1,1477,Play,13.381437301635742
1,1478,Force,8.519554138183594
1,1479,Soldier,10.349961280822754
1,1480,or,6.224239826202393
1,1481,Joe,8.533808708190918
1,1482,Hey,9.098419189453125
1,1483,Roy,4.786712169647217
1,1484,What,7.696919918060303
1,1485,suck,12.378824234008789
1,1486,Chad,7.323614120483398
1,1487,finished,7.529271125793457
1,1488,formula,13.562530517578125
1,1489,but,5.127050399780273
1,1490,this,4.87454891204834
1,1491,time,2.1853408813476562
1,1492,he,1.248319149017334
1,1493,mind,11.079756736755371
1,1494,that,4.612464904785156
1,1495,Roy,6.1201395988464355
1,1496,fell,7.438783645629883
1,1497,for,4.236621856689453
1,1498,it,0.9424691200256348
1,1499,It,4.293951988220215
1,1500,was,1.0139052867889404
1,1501,all,3.893300771713257
1,1502,right,4.160116195678711
2,0,Easy,
2,1,Money,10.296308517456055
2,2,by,7.002081871032715
2,3,Bill,5.315614223480225
2,4,Glover,11.313749313354492
2,5,Charles,8.923476219177246
2,6,Acres,11.812585830688477
2,7,called,10.479814529418945
2,8,me,5.96929407119751
2,9,on,3.490612506866455
2,10,a,2.89263916015625
2,11,Thursday,4.41551399230957
2,12,afternoon,2.5397300720214844
2,13,just,5.332466125488281
2,14,like,5.001797676086426
2,15,I,2.038207530975342
2,16,seen,10.651639938354492
2,17,him,2.2965798377990723
2,18,since,7.721214771270752
2,19,high,5.2158637046813965
2,20,school,0.017299355939030647
2,21,maybe,9.841523170471191
2,22,twenty,6.185593605041504
2,23,years,0.4049043357372284
2,24,before,5.178328514099121
2,25,and,3.8557682037353516
2,26,we,3.9927964210510254
2,27,were,1.659708023071289
2,28,never,7.322482109069824
2,29,buddies,7.0246171951293945
2,30,in,4.369436740875244
2,31,the,1.45493745803833
2,32,first,1.9668599367141724
2,33,place,0.07916413247585297
2,34,He,8.209731101989746
2,35,said,2.1778783798217773
2,36,he,1.7309973239898682
2,37,had,2.365330696105957
2,38,a,1.8346612453460693
2,39,business,5.7541422843933105
2,40,proposition,7.053340435028076
2,41,for,1.3980534076690674
2,42,me,0.49275872111320496
2,43,So,6.227219581604004
2,44,I,0.5900256633758545
2,45,I,8.813638687133789
2,46,told,3.307562828063965
2,47,meet,13.755575180053711
2,48,for,6.402373790740967
2,49,coffee,3.7061476707458496
2,50,at,3.5519094467163086
2,51,the,1.5864346027374268
2,52,diner,5.746342182159424
2,53,down,7.518085956573486
2,54,the,0.17187896370887756
2,55,street,0.5213752388954163
2,56,at,5.507698059082031
2,57,seven,6.925602436065674
2,58,points,9.414692878723145
2,59,drawings,16.4232120513916
2,60,since,9.652567863464355
2,61,birds,12.057965278625488
2,62,talked,8.049015998840332
2,63,life,9.223084449768066
2,64,there,6.006958961486816
2,65,out,7.559918403625488
2,66,lines,11.020628929138184
2,67,what,6.52577018737793
2,68,trouble,9.754744529724121
2,69,everything,7.554394721984863
2,70,I,4.678631782531738
2,71,was,2.242443561553955
2,72,there,6.504877090454102
2,73,early,8.497955322265625
2,74,Thank,10.847328186035156
2,75,you,0.5722771883010864
2,76,for,1.6997745037078857
2,77,coming,3.4756479263305664
2,78,Ed,9.294970512390137
2,79,was,6.608600616455078
2,80,already,6.389153480529785
2,81,there,2.52418851852417
2,82,sitting,7.528207778930664
2,83,in,1.9176936149597168
2,84,booth,8.459737777709961
2,85,warming,10.886191368103027
2,86,his,3.6896843910217285
2,87,hands,3.9005210399627686
2,88,on,2.7962961196899414
2,89,cup,8.19063949584961
2,90,coffee,7.51804256439209
2,91,looked,8.900075912475586
2,92,like,1.185089111328125
2,93,jerked,12.77898645401001
2,94,meat,6.8439435958862305
2,95,on,3.964188575744629
2,96,the,1.8105605840682983
2,97,bone,5.195348739624023
2,98,was,4.754738807678223
2,99,wearing,6.90796422958374
2,100,new,6.378214359283447
2,101,jacket,5.008803367614746
2,102,snow,10.209689140319824
2,103,boots,3.2559754848480225
2,104,but,5.0406293869018555
2,105,had,5.520900726318359
2,106,on,6.082225799560547
2,107,Hawaiian,10.733855247497559
2,108,shirt,1.104410171508789
2,109,underneath,6.705506324768066
2,110,khaki,7.892274081707001
2,111,shorts,2.1407666206359863
2,112,all,5.498811721801758
2,113,things,6.01302433013916
2,114,His,10.052000999450684
2,115,tan,8.049009323120117
2,116,was,2.360172748565674
2,117,obviously,7.442843437194824
2,118,deep,6.578243255615234
2,119,old,8.15545654296875
2,120,but,3.5273330211639404
2,121,it,3.0365025997161865
2,122,looked,2.6652257442474365
2,123,like,1.0127009153366089
2,124,work,7.974390029907227
2,125,tan,6.002983093261719
2,126,not,6.00717306137085
2,127,the,3.4682037830352783
2,128,kind,3.9596142768859863
2,129,you,2.7612709999084473
2,130,at,8.171159744262695
2,131,the,2.599675178527832
2,132,beach,4.421378135681152
2,133,His,8.866174697875977
2,134,hands,4.8791890144348145
2,135,were,0.7923165559768677
2,136,thin,6.75895357131958
2,137,huge,9.07735824584961
2,138,knuckled,10.945629119873047
2,139,with,4.474773406982422
2,140,obvious,8.713835716247559
2,141,the,6.616808891296387
2,142,mining,11.497211456298828
2,143,business,4.3583526611328125
2,144,is,5.306201934814453
2,145,treating,10.497579574584961
2,146,you,1.985112190246582
2,147,pretty,5.108256816864014
2,148,good,3.600564479827881
2,149,huh,7.2418437004089355
2,150,Charles,8.545024871826172
2,151,the,5.736220359802246
2,152,sort,7.349946022033691
2,153,call,11.27341079711914
2,154,Chuck,8.699753761291504
2,155,linguistics,12.869740545749664
2,156,researcher,9.736804008483887
2,157,Ed,7.029850006103516
2,158,took,6.40174674987793
2,159,sip,10.748497009277344
2,160,closed,9.330548286437988
2,161,his,0.9720266461372375
2,162,eyes,0.7423396706581116
2,163,like,4.309897422790527
2,164,the,3.4645047187805176
2,165,cheap,8.781166076660156
2,166,cup,7.85098934173584
2,167,coffee,4.103399753570557
2,168,was,3.3943469524383545
2,169,really,5.903122901916504
2,170,something,5.378226280212402
2,171,special,6.141727924346924
2,172,Well,7.227078914642334
2,173,I,1.7230193614959717
2,174,was,2.279554843902588
2,175,researcher,16.36717987060547
2,176,I,2.362339973449707
2,177,taught,6.49046516418457
2,178,little,7.605992317199707
2,179,at,4.126100540161133
2,180,community,8.092771530151367
2,181,college,0.199370875954628
2,182,set,8.945648193359375
2,183,the,3.6518731117248535
2,184,cup,8.710339546203613
2,185,down,3.3102684020996094
2,186,looked,7.830844879150391
2,187,straight,7.216306209564209
2,188,at,1.8909119367599487
2,189,for,8.055867195129395
2,190,the,2.729569911956787
2,191,first,0.8866183161735535
2,192,time,0.20233821868896484
2,193,your,8.048445701599121
2,194,um,11.784441947937012
2,195,business,7.549103260040283
2,196,Fine,12.05469799041748
2,197,I,2.0330073833465576
2,198,waived,12.377605438232422
2,199,down,6.658157825469971
2,200,waitress,10.217896461486816
2,201,ordered,7.7850847244262695
2,202,cup,5.87796688079834
2,203,decaf,10.921663284301758
2,204,slice,7.942658424377441
2,205,pie,7.5052690505981445
2,206,I,2.943197011947632
2,207,did,5.162356376647949
2,208,noticed,9.705011367797852
2,209,just,6.667765140533447
2,210,how,3.0479884147644043
2,211,tired,5.779444694519043
2,212,looked,9.368831634521484
2,213,around,6.408101558685303
2,214,the,2.2625622749328613
2,215,eyes,10.591054916381836
2,216,Charlie,6.735218524932861
2,217,Boy,8.385904312133789
2,218,had,4.896650314331055
2,219,been,3.1505751609802246
2,220,working,3.701178550720215
2,221,hard,3.9019548892974854
2,222,lately,5.102319717407227
2,223,figured,8.624123573303223
2,224,through,7.337164878845215
2,225,reverse,11.006455421447754
2,226,opened,12.20997428894043
2,227,call,8.973221778869629
2,228,pointed,7.504375457763672
2,229,sealed,13.873199462890625
2,230,each,8.246440887451172
2,231,confused,11.371335983276367
2,232,smugglers,15.12972640991211
2,233,dollar,9.342167854309082
2,234,around,6.859374046325684
2,235,bone,11.909685134887695
2,236,boots,9.594701766967773
2,237,ground,9.565067291259766
2,238,this,5.678126811981201
2,239,image,8.525702476501465
2,240,drained,11.731971740722656
2,241,knew,10.296778678894043
2,242,every,5.636085510253906
2,243,in,6.948240280151367
2,244,quite,10.27885913848877
2,245,few,7.049389362335205
2,246,the,7.055030822753906
2,247,state,7.24159049987793
2,248,police,5.8755974769592285
2,249,in,4.088596343994141
2,250,Iowa,6.355684280395508
2,251,see,7.551506996154785
2,252,them,5.093817710876465
2,253,bringing,8.531204223632812
2,254,old,7.307682991027832
2,255,in,6.18394660949707
2,256,ringer,12.913075923919678
2,257,He,7.131714820861816
2,258,and,5.963105201721191
2,259,went,9.521421432495117
2,260,on,3.44154691696167
2,261,in,4.9762349128723145
2,262,softer,12.667434692382812
2,263,sadder,15.115410804748535
2,264,voice,4.081956386566162
2,265,I,2.81638240814209
2,266,guess,4.363940238952637
2,267,I,1.693609595298767
2,268,looked,5.129469394683838
2,269,around,3.6748199462890625
2,270,checking,6.933603286743164
2,271,please,8.65760612487793
2,272,twice,11.217124938964844
2,273,hills,14.612738609313965
2,274,they,5.725330829620361
2,275,making,8.791923522949219
2,276,on,6.389508247375488
2,277,smiling,11.418773651123047
2,278,scared,8.021581649780273
2,279,man,4.220376014709473
2,280,Charles,7.011928558349609
2,281,might,8.024468421936035
2,282,be,1.2873486280441284
2,283,for,6.010841369628906
2,284,real,1.9925225973129272
2,285,but,3.0011239051818848
2,286,he,1.9977753162384033
2,287,was,1.7730075120925903
2,288,still,3.84283447265625
2,289,going,4.718239784240723
2,290,to,1.3611955642700195
2,291,get,3.185325860977173
2,292,me,3.0252721309661865
2,293,in,3.7749879360198975
2,294,deep,8.197272300720215
2,295,trouble,4.442567348480225
2,296,make,7.871685981750488
2,297,real,7.396017074584961
2,298,clear,7.213537216186523
2,299,right,5.803481578826904
2,300,you,5.025192737579346
2,301,were,4.159414291381836
2,302,joking,7.165299415588379
2,303,buddy,7.874265670776367
2,304,Otherwise,11.308029174804688
2,305,this,4.252542972564697
2,306,conversation,5.636721611022949
2,307,is,2.5284640789031982
2,308,over,2.1241729259490967
2,309,got,6.687403678894043
2,310,parole,10.805567741394043
2,311,officer,5.8339948654174805
2,312,to,3.6140084266662598
2,313,explain,5.226078033447266
2,314,things,4.993444442749023
2,315,to,2.097731590270996
2,316,and,5.489423751831055
2,317,he,3.741081714630127
2,318,like,6.721000671386719
2,319,that,4.300849437713623
2,320,kinda,7.385399341583252
2,321,talk,5.428354740142822
2,322,Right,11.328853607177734
2,323,Right,7.995598793029785
2,324,Sorry,8.840921401977539
2,325,Charles,4.006618022918701
2,326,looked,5.715313911437988
2,327,out,4.121942043304443
2,328,the,1.3928502798080444
2,329,window,0.43595051765441895
2,330,at,2.9907000064849854
2,331,the,1.1242787837982178
2,332,passing,7.757221698760986
2,333,traffic,4.442010402679443
2,334,push,10.044120788574219
2,335,through,4.264615535736084
2,336,dirty,10.267303466796875
2,337,slush,10.784958362579346
2,338,for,5.621851921081543
2,339,awhile,5.2911882400512695
2,340,Like,7.691306114196777
2,341,I,2.064488172531128
2,342,was,2.1996185779571533
2,343,saying,4.77559757232666
2,344,I,2.2624871730804443
2,345,I,7.595432758331299
2,346,I,7.515356063842773
2,347,waited,7.499592304229736
2,348,until,3.338305950164795
2,349,waitress,11.426652908325195
2,350,was,2.6892752647399902
2,351,gone,2.9507040977478027
2,352,before,4.436952590942383
2,353,going,3.0379550457000732
2,354,on,3.572690010070801
2,355,Why,8.77779769897461
2,356,me,5.032018184661865
2,357,known,9.590154647827148
2,358,officer,8.052790641784668
2,359,built,9.534442901611328
2,360,chuck,11.41215705871582
2,361,cup,9.335914611816406
2,362,decipher,11.763326644897461
2,363,notice,9.564996719360352
2,364,You,7.265491962432861
2,365,always,6.019920349121094
2,366,seemed,5.35855770111084
2,367,connections,13.564835548400879
2,368,in,3.8803951740264893
2,369,school,6.505598068237305
2,370,he,4.353735446929932
2,371,shrugged,9.227283477783203
2,372,You,4.768316745758057
2,373,were,2.7199923992156982
2,374,first,7.19332218170166
2,375,person,4.5801191329956055
2,376,who,3.6308212280273438
2,377,mind,9.909843444824219
2,378,First,10.261474609375
2,379,person,1.0153601169586182
2,380,Twenty,13.031018257141113
2,381,years,2.6469173431396484
2,382,out,5.456857681274414
2,383,of,0.8928833603858948
2,384,high,2.402989625930786
2,385,school,0.030708886682987213
2,386,If,7.082727432250977
2,387,he,2.6831016540527344
2,388,pulled,7.007915496826172
2,389,my,3.949218511581421
2,390,leg,4.129941940307617
2,391,any,7.50215482711792
2,392,harder,3.6491141319274902
2,393,was,5.578448295593262
2,394,coming,5.753202438354492
2,395,off,4.079005241394043
2,396,How,7.45380973815918
2,397,much,2.8895270824432373
2,398,of,3.944149971008301
2,399,this,3.057089328765869
2,400,are,4.145892143249512
2,401,we,2.536262035369873
2,402,talking,1.0015759468078613
2,403,about,0.39206475019454956
2,404,Four,9.091410636901855
2,405,Hundred,7.643157005310059
2,406,ounces,9.714244842529297
2,407,start,10.123360633850098
2,408,Four,10.753304481506348
2,409,Hundred,1.3027048110961914
2,410,I,4.913421630859375
2,411,pulled,6.039180755615234
2,412,out,2.234253406524658
2,413,my,1.581397533416748
2,414,palm,7.901690483093262
2,415,phone,9.16910171508789
2,416,looked,6.2532501220703125
2,417,up,2.4287846088409424
2,418,number,7.549673080444336
2,419,lot,10.041269302368164
2,420,very,9.19937515258789
2,421,small,3.9382896423339844
2,422,part,6.310566425323486
2,423,of,0.9622699022293091
2,424,what,4.5793256759643555
2,425,I,1.3619734048843384
2,426,sell,10.364492416381836
2,427,He,5.202726364135742
2,428,drained,9.423938751220703
2,429,last,7.122485160827637
2,430,of,3.769991397857666
2,431,his,2.065945625305176
2,432,cup,4.219673156738281
2,433,tossed,9.995622634887695
2,434,bills,10.786309242248535
2,435,on,3.166839599609375
2,436,table,3.2509682178497314
2,437,I,3.422158718109131
2,438,I,7.020617485046387
2,439,I,4.986572265625
2,440,I,2.5606629848480225
2,441,through,8.657732009887695
2,442,my,3.400249481201172
2,443,life,6.446192741394043
2,444,taking,7.746055603027344
2,445,kind,8.323683738708496
2,446,chance,10.239011764526367
2,447,I,2.522874593734741
2,448,put,5.273373603820801
2,449,away,5.186126708984375
2,450,the,2.1053051948547363
2,451,cell,6.700493812561035
2,452,and,5.616110801696777
2,453,used,6.032547950744629
2,454,the,2.024580478668213
2,455,motion,8.789873123168945
2,456,to,1.9593199491500854
2,457,cover,6.617740631103516
2,458,checking,10.980746269226074
2,459,the,3.2688801288604736
2,460,knife,7.769961357116699
2,461,in,3.6355173587799072
2,462,my,1.2846509218215942
2,463,sleeve,7.121729850769043
2,464,and,3.506591558456421
2,465,used,7.340320587158203
2,466,one,5.102033615112305
2,467,leg,5.481029510498047
2,468,to,1.7727893590927124
2,469,check,4.779414176940918
2,470,the,1.404597282409668
2,471,other,4.170511245727539
2,472,in,4.964576721191406
2,473,my,1.762701392173767
2,474,sock,6.209715366363525
2,475,I,1.8420220613479614
2,476,had,4.435186386108398
2,477,been,3.718535900115967
2,478,an,6.604356288909912
2,479,amateur,4.44657039642334
2,480,magician,6.093162536621094
2,481,for,2.47441029548645
2,482,years,2.895543098449707
2,483,One,7.40822696685791
2,484,of,2.1672701835632324
2,485,my,1.4444129467010498
2,486,best,3.014115333557129
2,487,tricks,3.0078444480895996
2,488,was,1.8019258975982666
2,489,pulling,5.123427867889404
2,490,a,2.3239569664001465
2,491,knife,3.085341215133667
2,492,out,1.7773889303207397
2,493,of,0.35048750042915344
2,494,thin,5.69344425201416
2,495,air,0.039128515869379044
2,496,It,5.103896617889404
2,497,never,5.608315467834473
2,498,failed,5.0954203605651855
2,499,to,1.5535006523132324
2,500,amaze,5.8479003719985485
2,501,Sure,11.213264465332031
2,502,go,7.935632705688477
2,503,I,5.1369428634643555
2,504,said,5.028099536895752
2,505,We,6.289244651794434
2,506,took,5.54840087890625
2,507,his,3.8979969024658203
2,508,rental,11.669960975646973
2,509,car,0.6596247553825378
2,510,back,4.508428573608398
2,511,to,1.2552841901779175
2,512,the,1.5690364837646484
2,513,motel,3.4965145587921143
2,514,where,3.9292151927948
2,515,he,1.2297030687332153
2,516,was,1.461403250694275
2,517,staying,0.8932991623878479
2,518,The,4.556416034698486
2,519,little,6.055447101593018
2,520,desk,7.979003429412842
2,521,was,2.8579390048980713
2,522,covered,4.1436004638671875
2,523,with,1.4646492004394531
2,524,large,6.176466941833496
2,525,books,4.528554916381836
2,526,filled,6.867949485778809
2,527,with,0.12524528801441193
2,528,sticky,8.809017181396484
2,529,notes,0.5787213444709778
2,530,a,5.867988586425781
2,531,pile,5.844328880310059
2,532,of,0.12393508851528168
2,533,folders,6.659221649169922
2,534,and,2.693263292312622
2,535,papers,2.649200677871704
2,536,and,3.5579240322113037
2,537,a,2.2116386890411377
2,538,laptop,5.85359525680542
2,539,computer,4.4338836669921875
2,540,plugged,7.971339225769043
2,541,into,0.9506192207336426
2,542,the,1.4929420948028564
2,543,phone,4.49360466003418
2,544,line,5.274984359741211
2,545,There,5.55048942565918
2,546,was,0.7450469732284546
2,547,only,4.080444812774658
2,548,one,0.5662198066711426
2,549,chair,6.914083480834961
2,550,so,4.258689880371094
2,551,I,0.7257168292999268
2,552,sat,2.88804292678833
2,553,on,1.738518476486206
2,554,the,0.934002161026001
2,555,edge,3.2870569229125977
2,556,of,0.34013596177101135
2,557,the,0.3519816994667053
2,558,bed,2.443687915802002
2,559,as,5.2510600090026855
2,560,he,1.4778718948364258
2,561,said,4.492159843444824
2,562,Easter,12.084721565246582
2,563,Island,4.837779998779297
2,564,This,5.61538553237915
2,565,is,1.8434287309646606
2,566,cas,13.490124702453613
2,567,one,8.02519416809082
2,568,the,5.000497817993164
2,569,few,7.044856071472168
2,570,remaining,6.299804210662842
2,571,examples,8.541091918945312
2,572,form,9.806713104248047
2,573,writing,8.009828567504883
2,574,known,9.496688842773438
2,575,as,1.9219671487808228
2,576,For,8.638581275939941
2,577,long,6.595741271972656
2,578,time,1.3323047161102295
2,579,no,5.399133682250977
2,580,one,0.750946044921875
2,581,was,3.342154026031494
2,582,able,2.073747396469116
2,583,decipher,10.604439735412598
2,584,it,3.361454725265503
2,585,although,7.351930618286133
2,586,by,5.934406757354736
2,587,deduction,8.3563871383667
2,588,Steven,10.66547679901123
2,589,it,6.095861434936523
2,590,in,7.050817489624023
2,591,nineteen,10.11412525177002
2,592,ninety,4.675270080566406
2,593,four,3.122485876083374
2,594,He,5.248531341552734
2,595,mostly,8.861193656921387
2,596,read,4.079159736633301
2,597,creation,10.128589630126953
2,598,stories,2.4736487865448
2,599,off,6.93678092956543
2,600,objects,11.098824501037598
2,601,like,3.512911081314087
2,602,the,3.0217480659484863
2,603,Santiago,15.1483154296875
2,604,Staff,8.969963073730469
2,605,which,5.488677978515625
2,606,said,6.3871870040893555
2,607,things,4.168055534362793
2,608,like,0.7557386159896851
2,609,All,6.337449073791504
2,610,the,1.9295529127120972
2,611,birds,5.781422138214111
2,612,with,5.931252956390381
2,613,fish,6.978841781616211
2,614,There,6.527157783508301
2,615,issued,13.166321754455566
2,616,forth,7.661168098449707
2,617,the,2.940290927886963
2,618,sun,7.372665882110596
2,619,But,7.7744550704956055
2,620,he,2.841167688369751
2,621,ignored,6.959817886352539
2,622,the,1.6635135412216187
2,623,on,8.501041412353516
2,624,skulls,12.038945198059082
2,625,and,2.220268726348877
2,626,the,2.753124237060547
2,627,It,10.606056213378906
2,628,was,1.9609872102737427
2,629,those,6.847306728363037
2,630,clues,8.137651443481445
2,631,that,1.2668179273605347
2,632,started,5.278707504272461
2,633,all,3.8820853233337402
2,634,this,1.7151936292648315
2,635,My,6.739687919616699
2,636,small,7.219204902648926
2,637,expectations,10.772086143493652
2,638,shrank,12.366752311587334
2,639,as,2.541454553604126
2,640,he,1.560716152191162
2,641,spoke,4.309765815734863
2,642,I,2.707321882247925
2,643,see,6.5587358474731445
2,644,much,7.543447971343994
2,645,money,6.871430397033691
2,646,in,2.4632296562194824
2,647,porn,11.146238327026367
2,648,He,4.0182204246521
2,649,talked,5.714466094970703
2,650,on,4.779224395751953
2,651,about,2.79642391204834
2,652,people,6.030198097229004
2,653,with,4.070315837860107
2,654,long,4.849242210388184
2,655,ears,5.628674507141113
2,656,who,3.903315782546997
2,657,built,6.953976631164551
2,658,the,3.0854601860046387
2,659,big,5.783622741699219
2,660,statues,7.105247497558594
2,661,the,4.987150192260742
2,662,and,6.931249618530273
2,663,people,5.097552299499512
2,664,with,1.6177411079406738
2,665,short,3.5290815830230713
2,666,ears,0.9359075427055359
2,667,who,1.3848106861114502
2,668,conquered,8.405704498291016
2,669,the,0.8630576729774475
2,670,people,5.894524574279785
2,671,with,1.5810829401016235
2,672,long,1.5158262252807617
2,673,ears,0.5133106112480164
2,674,and,2.7783539295196533
2,675,ate,6.668518543243408
2,676,them,2.82564640045166
2,677,and,3.3572707176208496
2,678,how,5.8775224685668945
2,679,the,2.836923122406006
2,680,short,7.38715124130249
2,681,eared,10.66011905670166
2,682,people,1.989851951599121
2,683,really,6.178790092468262
2,684,know,6.226238250732422
2,685,the,2.5715420246124268
2,686,secrets,4.558599472045898
2,687,the,4.113552093505859
2,688,the,4.620184898376465
2,689,the,4.678432941436768
2,690,the,4.568455219268799
2,691,converted,11.062165260314941
2,692,natives,8.171171188354492
2,693,more,7.603994369506836
2,694,sitting,10.655892372131348
2,695,little,9.066089630126953
2,696,ignored,10.021492004394531
2,697,catch,9.042827606201172
2,698,smugglers,14.052753448486328
2,699,light,7.492470741271973
2,700,sealed,10.201745986938477
2,701,hundred,9.96923828125
2,702,gone,10.409332275390625
2,703,notice,8.69739055633545
2,704,diner,11.213351249694824
2,705,linguistics,14.836567325517535
2,706,trick,9.592412948608398
2,707,charles,9.147367477416992
2,708,needed,8.565717697143555
2,709,He,6.966679573059082
2,710,flipped,6.866600036621094
2,711,pages,6.260727405548096
2,712,another,7.959046840667725
2,713,image,6.92271614074707
2,714,But,8.893953323364258
2,715,notice,7.166932106018066
2,716,something,5.949465274810791
2,717,here,5.509443283081055
2,718,in,4.55446720123291
2,719,the,1.0296903848648071
2,720,arrangement,10.466865539550781
2,721,the,3.3872227668762207
2,722,See,11.50449275970459
2,723,here,5.260082244873047
2,724,they,5.003152847290039
2,725,form,8.084351539611816
2,726,pattern,8.059383392333984
2,727,very,6.766587734222412
2,728,similar,3.348803758621216
2,729,this,5.509486198425293
2,730,He,8.589922904968262
2,731,out,7.81047248840332
2,732,small,8.660212516784668
2,733,leather,10.099120140075684
2,734,diary,10.213489532470703
2,735,opened,7.643560886383057
2,736,it,3.8563218116760254
2,737,page,8.195359230041504
2,738,marked,7.1880364418029785
2,739,with,2.9164533615112305
2,740,yet,9.15788745880127
2,741,another,0.5896202325820923
2,742,small,4.770266056060791
2,743,sticky,8.756121635437012
2,744,note,0.15587252378463745
2,745,There,5.189511775970459
2,746,was,1.1373800039291382
2,747,an,3.570772647857666
2,748,ink,4.344607353210449
2,749,drawing,4.31547737121582
2,750,writing,7.742624282836914
2,751,in,3.1051762104034424
2,752,tiny,7.142724514007568
2,753,neat,7.02664852142334
2,754,hand,4.90878963470459
2,755,that,4.342902183532715
2,756,I,3.286533832550049
2,757,read,4.166511535644531
2,758,from,3.656155824661255
2,759,where,5.381132125854492
2,760,I,2.053126335144043
2,761,sat,3.094177722930908
2,762,I,2.6917803287506104
2,763,see,5.7304534912109375
2,764,much,6.315302848815918
2,765,resemblance,10.611865043640137
2,766,except,7.718709945678711
2,767,maybe,4.465763568878174
2,768,there,4.266913414001465
2,769,were,2.8250889778137207
2,770,about,5.873075485229492
2,771,the,4.750165939331055
2,772,same,0.913773775100708
2,773,number,1.7351961135864258
2,774,points,7.988189697265625
2,775,in,3.3805649280548096
2,776,the,1.4192421436309814
2,777,cradle,13.138824462890625
2,778,thing,8.056507110595703
2,779,in,4.031549453735352
2,780,the,0.8231526613235474
2,781,diary,7.368888854980469
2,782,the,3.7339212894439697
2,783,number,5.638405799865723
2,784,dots,7.474429607391357
2,785,on,2.2373499870300293
2,786,the,0.43605440855026245
2,787,map,4.282874584197998
2,788,showing,5.842843055725098
2,789,places,4.919288635253906
2,790,where,2.214632749557495
2,791,stood,11.081103324890137
2,792,in,3.0241730213165283
2,793,thin,9.459542274475098
2,794,line,1.8486871719360352
2,795,around,5.891212463378906
2,796,the,1.2672127485275269
2,797,coast,6.9266180992126465
2,798,the,3.805422306060791
2,799,island,6.067755699157715
2,800,This,6.509088516235352
2,801,is,1.816707968711853
2,802,the,2.0709590911865234
2,803,diary,5.417017459869385
2,804,mysterious,12.383626937866211
2,805,explorer,9.175413131713867
2,806,named,4.618642330169678
2,807,Samuel,6.059432029724121
2,808,who,4.274528980255127
2,809,investigated,8.722013473510742
2,810,Mound,12.271409034729004
2,811,Builder,9.489084243774414
2,812,site,5.548095703125
2,813,in,3.1127424240112305
2,814,this,5.774456977844238
2,815,area,2.356005907058716
2,816,in,3.613978624343872
2,817,the,1.8762050867080688
2,818,early,2.4559195041656494
2,819,eighteen,4.551569938659668
2,820,hundreds,5.685360431671143
2,821,He,3.2521023750305176
2,822,closed,6.229363918304443
2,823,the,1.2769665718078613
2,824,little,6.057748794555664
2,825,just,10.639054298400879
2,826,about,5.044254302978516
2,827,hugged,12.178422927856445
2,828,it,3.4485344886779785
2,829,with,3.032397508621216
2,830,satisfaction,11.248114585876465
2,831,I,2.7083046436309814
2,832,want,6.192158222198486
2,833,show,9.375372886657715
2,834,you,1.4597418308258057
2,835,that,3.867927074432373
2,836,mound,11.1136474609375
2,837,You,6.895658493041992
2,838,know,3.7983524799346924
2,839,it,3.339650869369507
2,840,was,1.8919790983200073
2,841,these,7.094967842102051
2,842,very,5.410470485687256
2,843,that,7.852945327758789
2,844,originally,8.396774291992188
2,845,sparked,7.927865982055664
2,846,my,3.2628846168518066
2,847,interest,1.0957595109939575
2,848,in,1.5844789743423462
2,849,history,5.638470649719238
2,850,archeology,11.126265227794647
2,851,then,5.257589340209961
2,852,linguistics,9.73199949041009
2,853,this,5.141726493835449
2,854,mound,7.955969333648682
2,855,is,2.7055091857910156
2,856,where,3.856268882751465
2,857,you,2.775299549102783
2,858,found,3.549020528793335
2,859,gold,7.630259990692139
2,860,I,3.6615073680877686
2,861,was,3.3363070487976074
2,862,confused,6.975436687469482
2,863,enough,6.1310038566589355
2,864,I,2.764284133911133
2,865,let,5.845168113708496
2,866,the,2.582035779953003
2,867,G,9.438090324401855
2,868,word,6.112933158874512
2,869,slip,4.808672904968262
2,870,Was,9.189862251281738
2,871,this,2.387937307357788
2,872,crazy,8.155014038085938
2,873,treasure,8.09207820892334
2,874,hunt,3.4204583168029785
2,875,Or,7.77338981628418
2,876,maybe,3.0925750732421875
2,877,this,2.8820414543151855
2,878,guy,4.836613655090332
2,879,was,1.6589946746826172
2,880,just,1.9697353839874268
2,881,a,1.915393590927124
2,882,wacko,10.12864089012146
2,883,who,2.717146635055542
2,884,wanted,3.188673496246338
2,885,to,0.272748738527298
2,886,take,3.884166955947876
2,887,me,2.5468485355377197
2,888,out,2.6914281845092773
2,889,on,3.022402286529541
2,890,a,0.7715393900871277
2,891,dark,7.630820274353027
2,892,road,4.250457763671875
2,893,and,2.8487653732299805
2,894,kill,3.962479591369629
2,895,me,0.32905885577201843
2,896,No,6.232911109924316
2,897,more,4.277824401855469
2,898,complicated,8.39050006866455
2,899,than,3.060467481613159
2,900,that,0.8873065710067749
2,901,but,3.3844642639160156
2,902,I,1.994370460510254
2,903,need,5.2986955642700195
2,904,to,0.5565024018287659
2,905,show,3.45906925201416
2,906,you,0.11549191176891327
2,907,the,2.557962417602539
2,908,mound,6.139579772949219
2,909,for,5.2780070304870605
2,910,you,1.9960150718688965
2,911,to,2.5997378826141357
2,912,understand,3.0330047607421875
2,913,The,3.279639720916748
2,914,drawings,7.407754421234131
2,915,and,3.187422752380371
2,916,the,2.132878541946411
2,917,books,5.763008117675781
2,918,seemed,7.269932746887207
2,919,trey,19.607741355895996
2,920,to,2.377755641937256
2,921,wake,10.505964279174805
2,922,him,3.498608112335205
2,923,up,0.19886036217212677
2,924,He,3.6575419902801514
2,925,was,3.167886257171631
2,926,smiling,6.831748962402344
2,927,now,5.142289161682129
2,928,and,2.8268065452575684
2,929,his,4.062839508056641
2,930,eyes,1.7133288383483887
2,931,so,6.830702781677246
2,932,tired,5.277327537536621
2,933,but,4.557903289794922
2,934,people,7.6755146980285645
2,935,highschool,17.54365062713623
2,936,tiny,10.943592071533203
2,937,meat,11.172053337097168
2,938,hills,10.98818588256836
2,939,dollar,10.888819694519043
2,940,clear,9.830570220947266
2,941,row,10.299698829650879
2,942,I,5.03592586517334
2,943,was,2.751450777053833
2,944,having,5.439139366149902
2,945,serious,6.595613479614258
2,946,cash,10.107461929321289
2,947,flow,3.6279196739196777
2,948,issues,2.251451253890991
2,949,back,6.514743804931641
2,950,then,1.1019679307937622
2,951,and,2.7561681270599365
2,952,had,3.7045326232910156
2,953,payments,11.903861999511719
2,954,to,2.6407132148742676
2,955,make,2.816990375518799
2,956,so,4.467469692230225
2,957,I,0.8256311416625977
2,958,said,4.691003799438477
2,959,yes,4.346255302429199
2,960,but,4.271814346313477
2,961,my,4.23980712890625
2,962,patience,6.601144790649414
2,963,was,1.054426908493042
2,964,running,2.1578149795532227
2,965,out,0.3288297951221466
2,966,It,4.334100723266602
2,967,was,0.9690455794334412
2,968,dark,6.480892658233643
2,969,as,4.700219631195068
2,970,we,4.331746578216553
2,971,left,3.918529987335205
2,972,The,4.170230865478516
2,973,drive,7.812689781188965
2,974,was,2.408290147781372
2,975,shorter,7.030019283294678
2,976,than,1.1084187030792236
2,977,I,1.6923408508300781
2,978,expected,1.8866134881973267
2,979,We,4.357380390167236
2,980,pulled,4.396290302276611
2,981,up,1.0517932176589966
2,982,to,1.5236024856567383
2,983,a,2.520754814147949
2,984,little,4.582330703735352
2,985,asphalt,9.394783020019531
2,986,parking,3.0516114234924316
2,987,spot,4.223341464996338
2,988,in,2.8997867107391357
2,989,front,3.044633626937866
2,990,of,0.045816708356142044
2,991,a,1.9225910902023315
2,992,historical,9.002935409545898
2,993,marker,3.9577670097351074
2,994,When,7.2241926193237305
2,995,he,3.7878613471984863
2,996,killed,9.88022232055664
2,997,the,2.044725179672241
2,998,headlights,8.955412864685059
2,999,there,4.704748153686523
2,1000,was,0.4368017315864563
2,1001,no,1.9904131889343262
2,1002,light,2.516441822052002
2,1003,but,3.397963285446167
2,1004,moonlight,11.70989990234375
2,1005,and,2.650322914123535
2,1006,stars,7.559028625488281
2,1007,on,4.015784740447998
2,1008,a,3.0708320140838623
2,1009,light,5.374499320983887
2,1010,dusting,9.600555539131165
2,1011,of,2.0807361602783203
2,1012,snow,4.127719879150391
2,1013,A,4.665106296539307
2,1014,low,6.4799017906188965
2,1015,black,4.881752967834473
2,1016,hill,5.156106472015381
2,1017,blocked,8.240665435791016
2,1018,the,0.9595035314559937
2,1019,sky,5.751751899719238
2,1020,right,7.020302772521973
2,1021,in,1.4954102039337158
2,1022,front,0.03778259828686714
2,1023,of,0.0887446478009224
2,1024,us,0.9991321563720703
2,1025,up,7.692533493041992
2,1026,here,3.511068105697632
2,1027,he,4.1407976150512695
2,1028,announced,8.90896224975586
2,1029,stepping,10.999283790588379
2,1030,over,3.063382387161255
2,1031,the,1.2841870784759521
2,1032,cable,9.95032787322998
2,1033,fence,3.715975046157837
2,1034,and,2.7254977226257324
2,1035,starting,5.045954704284668
2,1036,up,2.943673610687256
2,1037,the,1.0531541109085083
2,1038,hill,3.7329671382904053
2,1039,We,2.7940938472747803
2,1040,spent,6.986642837524414
2,1041,the,1.1779484748840332
2,1042,next,0.8869157433509827
2,1043,hour,3.0481691360473633
2,1044,stomping,9.352219577878714
2,1045,around,2.2156248092651367
2,1046,the,1.5164663791656494
2,1047,hill,2.129105567932129
2,1048,while,5.552660942077637
2,1049,he,2.0249197483062744
2,1050,said,4.244034767150879
2,1051,things,5.733890056610107
2,1052,like,0.5872099995613098
2,1053,it,4.520340919494629
2,1054,was,0.7907971143722534
2,1055,right,6.077079772949219
2,1056,here,2.2728726863861084
2,1057,My,7.06766414642334
2,1058,patience,5.879153251647949
2,1059,was,0.6876845955848694
2,1060,long,7.272863388061523
2,1061,gone,0.7982094287872314
2,1062,and,1.810829997062683
2,1063,I,0.856639564037323
2,1064,was,1.8459514379501343
2,1065,back,4.734626770019531
2,1066,in,1.8424969911575317
2,1067,the,1.2765909433364868
2,1068,car,2.820958137512207
2,1069,to,3.6653690338134766
2,1070,warming,13.118534088134766
2,1071,up,0.2314695566892624
2,1072,when,4.769171714782715
2,1073,Acres,15.898635387420654
2,1074,tapped,9.696460723876953
2,1075,on,2.616306781768799
2,1076,the,0.5788183212280273
2,1077,window,4.4366559982299805
2,1078,and,1.4558824300765991
2,1079,told,3.472722053527832
2,1080,me,0.7959740161895752
2,1081,he,2.721714496612549
2,1082,had,1.7699294090270996
2,1083,found,3.251678228378296
2,1084,whatever,8.855389595031738
2,1085,he,1.6843454837799072
2,1086,was,1.818467378616333
2,1087,looking,0.15787355601787567
2,1088,for,0.0358099527657032
2,1089,We,4.091890811920166
2,1090,back,8.775087356567383
2,1091,up,2.5030035972595215
2,1092,the,1.5045747756958008
2,1093,hill,0.27982184290885925
2,1094,and,1.8089584112167358
2,1095,he,3.0670533180236816
2,1096,led,5.930459976196289
2,1097,me,0.9402890801429749
2,1098,to,1.2560211420059204
2,1099,little,9.997099876403809
2,1100,patch,7.26010799407959
2,1101,of,0.3585231900215149
2,1102,ground,3.5400476455688477
2,1103,with,3.7798497676849365
2,1104,a,1.4553136825561523
2,1105,stick,6.284494400024414
2,1106,poking,7.269366264343262
2,1107,up,3.2776756286621094
2,1108,from,1.8763526678085327
2,1109,it,2.2502522468566895
2,1110,It,4.049655914306641
2,1111,looked,2.972058057785034
2,1112,like,0.27241626381874084
2,1113,a,1.57132089138031
2,1114,bamboo,8.245877265930176
2,1115,walking,8.348825454711914
2,1116,stick,0.5028893351554871
2,1117,This,5.341990947723389
2,1118,is,0.9694808125495911
2,1119,it,5.17099666595459
2,1120,he,3.063430070877075
2,1121,leaned,7.81304931640625
2,1122,down,2.5196828842163086
2,1123,and,1.2298446893692017
2,1124,for,7.917141914367676
2,1125,me,4.484515190124512
2,1126,to,1.2800102233886719
2,1127,look,2.798832893371582
2,1128,at,1.6319854259490967
2,1129,something,7.229170799255371
2,1130,on,4.73775577545166
2,1131,the,0.5953547954559326
2,1132,ground,0.5676747560501099
2,1133,I,1.937052607536316
2,1134,casually,10.285173416137695
2,1135,slid,5.090638637542725
2,1136,a,2.9895734786987305
2,1137,knife,4.505988597869873
2,1138,into,1.9446592330932617
2,1139,my,2.330152988433838
2,1140,palm,4.65513801574707
2,1141,just,6.003095626831055
2,1142,in,2.023390293121338
2,1143,case,0.4434587061405182
2,1144,See,9.884349822998047
2,1145,how,3.4230659008026123
2,1146,the,2.5908150672912598
2,1147,lines,6.012313365936279
2,1148,form,4.737576484680176
2,1149,the,2.9467992782592773
2,1150,pattern,2.253565549850464
2,1151,in,3.418790340423584
2,1152,the,0.7203938364982605
2,1153,journal,6.0996317863464355
2,1154,the,3.8471620082855225
2,1155,same,4.239151954650879
2,1156,one,4.067503452301025
2,1157,as,3.7060699462890625
2,1158,the,1.3619239330291748
2,1159,So,10.340995788574219
2,1160,you,3.3384153842926025
2,1161,drew,8.796869277954102
2,1162,this,2.3162426948547363
2,1163,I,3.9947078227996826
2,1164,asked,4.635931015014648
2,1165,vaguely,12.755969047546387
2,1166,slow,10.076382637023926
2,1167,to,3.043955087661743
2,1168,catch,5.752346992492676
2,1169,on,4.739421844482422
2,1170,He,5.318694591522217
2,1171,looked,3.036175012588501
2,1172,hurt,8.467169761657715
2,1173,and,1.4289876222610474
2,1174,rapped,13.831751346588135
2,1175,on,1.2141283750534058
2,1176,the,0.46914780139923096
2,1177,ground,3.600161552429199
2,1178,with,2.8627185821533203
2,1179,his,0.9659352898597717
2,1180,finger,2.692789077758789
2,1181,stone,9.742460250854492
2,1182,Ancient,11.949431419372559
2,1183,before,8.935798645019531
2,1184,he,2.7790608406066895
2,1185,icy,15.339200019836426
2,1186,telling,10.430100440979004
2,1187,concern,13.358621597290039
2,1188,why,7.347085952758789
2,1189,this,4.034322738647461
2,1190,clown,11.93564510345459
2,1191,all,6.804791450500488
2,1192,they,5.912430286407471
2,1193,push,10.704795837402344
2,1194,humbles,18.53104305267334
2,1195,He,5.679210662841797
2,1196,stood,5.007486343383789
2,1197,up,1.590985655784607
2,1198,using,7.8079938888549805
2,1199,the,1.91395103931427
2,1200,stick,3.5701236724853516
2,1201,to,1.8758645057678223
2,1202,help,5.179099082946777
2,1203,For,11.723478317260742
2,1204,the,2.2350218296051025
2,1205,first,1.3500033617019653
2,1206,time,0.14512602984905243
2,1207,he,2.238081455230713
2,1208,looked,2.468735933303833
2,1209,cold,6.895941734313965
2,1210,and,1.3734698295593262
2,1211,stiff,5.982838153839111
2,1212,in,3.4281625747680664
2,1213,his,1.632537603378296
2,1214,tourist,11.181981086730957
2,1215,gear,4.826081275939941
2,1216,making,7.571066856384277
2,1217,me,1.4004861116409302
2,1218,glad,7.4012041091918945
2,1219,I,1.397042155265808
2,1220,was,2.0628225803375244
2,1221,in,2.754880428314209
2,1222,a,2.5236763954162598
2,1223,suit,6.681689262390137
2,1224,Here,7.603166580200195
2,1225,stand,8.746962547302246
2,1226,beside,7.034666061401367
2,1227,me,3.8188297748565674
2,1228,he,3.072755813598633
2,1229,said,2.064403772354126
2,1230,I,2.682379722595215
2,1231,I,6.242948532104492
2,1232,I,4.16912841796875
2,1233,expected,10.208434104919434
2,1234,him,2.788341522216797
2,1235,pull,10.457510948181152
2,1236,out,2.0819921493530273
2,1237,a,1.3192118406295776
2,1238,gadget,10.153299331665039
2,1239,blinking,12.933263778686523
2,1240,lights,4.0598225593566895
2,1241,and,2.1376445293426514
2,1242,was,6.128591060638428
2,1243,wondering,4.640850067138672
2,1244,which,4.653006076812744
2,1245,way,2.6056337356567383
2,1246,duck,14.899205207824707
2,1247,Trick,11.939765930175781
2,1248,gesture,11.507942199707031
2,1249,like,5.100525379180908
2,1250,sleight,10.855567634105682
2,1251,of,0.4857616126537323
2,1252,hand,0.008482852950692177
2,1253,He,3.579266309738159
2,1254,his,8.851035118103027
2,1255,fingers,4.815221786499023
2,1256,and,4.206633567810059
2,1257,then,3.9788708686828613
2,1258,blew,9.901918411254883
2,1259,on,2.5164237022399902
2,1260,them,5.214210510253906
2,1261,OK,9.541338920593262
2,1262,watch,7.47116231918335
2,1263,and,4.396806716918945
2,1264,remember,5.565330505371094
2,1265,this,2.879598617553711
2,1266,going,8.05418586730957
2,1267,to,2.0388548374176025
2,1268,do,5.3997802734375
2,1269,it,2.9002859592437744
2,1270,in,4.369940757751465
2,1271,two,4.093294143676758
2,1272,parts,4.096894264221191
2,1273,last,8.383463859558105
2,1274,part,4.2438883781433105
2,1275,first,6.512656211853027
2,1276,so,6.709590911865234
2,1277,it,3.665872097015381
2,1278,take,7.916956901550293
2,1279,effect,6.0262041091918945
2,1280,Remember,7.3197174072265625
2,1281,to,2.871366262435913
2,1282,reverse,8.136761665344238
2,1283,the,1.676645040512085
2,1284,two,6.046515941619873
2,1285,parts,2.1568963527679443
2,1286,when,5.3919243812561035
2,1287,you,1.0366827249526978
2,1288,actually,6.606922626495361
2,1289,do,2.8919200897216797
2,1290,it,0.8033892512321472
2,1291,Stunned,12.129909873008728
2,1292,I,3.134920358657837
2,1293,watched,4.4963531494140625
2,1294,as,2.0557327270507812
2,1295,he,0.801093578338623
2,1296,made,4.097729206085205
2,1297,several,6.821876525878906
2,1298,ridiculous,8.918514251708984
2,1299,passes,6.304479122161865
2,1300,with,3.9604568481445312
2,1301,his,0.8118309378623962
2,1302,hands,3.22275972366333
2,1303,paused,9.54786205291748
2,1304,and,1.9091678857803345
2,1305,nodded,5.939009189605713
2,1306,then,4.860687255859375
2,1307,did,5.258462905883789
2,1308,a,1.7273738384246826
2,1309,sort,6.141058921813965
2,1310,of,0.0641312450170517
2,1311,sign,7.623107433319092
2,1312,language,4.663395881652832
2,1313,stutter,10.573112726211548
2,1314,of,4.839693069458008
2,1315,some,4.795254707336426
2,1316,sort,0.6194539070129395
2,1317,I,2.4252872467041016
2,1318,learned,7.463263988494873
2,1319,this,3.7356863021850586
2,1320,from,2.9481594562530518
2,1321,a,2.2825677394866943
2,1322,skull,9.905891418457031
2,1323,they,7.432807922363281
2,1324,are,3.8995676040649414
2,1325,just,4.542843341827393
2,1326,a,3.0888426303863525
2,1327,memory,6.829741477966309
2,1328,device,7.358587265014648
2,1329,I,2.753070592880249
2,1330,which,10.707425117492676
2,1331,seemed,6.124511241912842
2,1332,to,0.8334041833877563
2,1333,please,9.2534761428833
2,1334,him,0.9763073325157166
2,1335,Yes,7.307347297668457
2,1336,humor,12.005766868591309
2,1337,waiting,9.93486499786377
2,1338,notes,10.718422889709473
2,1339,news,11.887979507446289
2,1340,dropped,9.130465507507324
2,1341,hill,11.149818420410156
2,1342,hour,9.47593879699707
2,1343,seemed,6.883063316345215
2,1344,but,7.846237659454346
2,1345,ok,8.678828239440918
2,1346,like,6.154698371887207
2,1347,nodded,12.200169563293457
2,1348,paid,12.36777400970459
2,1349,hurt,10.860483169555664
2,1350,violating,14.267328262329102
2,1351,kiss,10.169620513916016
2,1352,leg,8.923782348632812
2,1353,They,7.8727192878723145
2,1354,help,8.492074966430664
2,1355,in,4.738241195678711
2,1356,remembering,7.27175235748291
2,1357,steps,8.703752517700195
2,1358,in,4.57736873626709
2,1359,a,2.3028063774108887
2,1360,ritual,7.179040908813477
2,1361,or,4.231480598449707
2,1362,ceremonial,8.560962677001953
2,1363,gestures,8.137155532836914
2,1364,a,4.924137115478516
2,1365,long,5.014976501464844
2,1366,history,5.418867588043213
2,1367,of,0.6535924673080444
2,1368,Polynesian,12.829729437828064
2,1369,gesture,9.08285903930664
2,1370,and,3.2381160259246826
2,1371,dance,5.5634765625
2,1372,Now,7.264474391937256
2,1373,you,3.7279438972473145
2,1374,do,5.2803144454956055
2,1375,it,2.191422700881958
2,1376,He,5.843388557434082
2,1377,smiled,4.615340232849121
2,1378,and,1.3194736242294312
2,1379,I,3.574387788772583
2,1380,could,3.7623331546783447
2,1381,see,1.1877751350402832
2,1382,his,1.8995115756988525
2,1383,teeth,4.008142471313477
2,1384,in,4.291414260864258
2,1385,the,1.122285008430481
2,1386,moonlight,5.559183835983276
2,1387,I,2.5724236965179443
2,1388,wanted,5.295644760131836
2,1389,to,0.2589900493621826
2,1390,slug,12.436156272888184
2,1391,him,1.5856139659881592
2,1392,but,1.7161086797714233
2,1393,he,1.5231577157974243
2,1394,had,3.7977852821350098
2,1395,the,3.6115822792053223
2,1396,keys,6.655917644500732
2,1397,to,2.0274486541748047
2,1398,the,0.9960173964500427
2,1399,car,2.4851090908050537
2,1400,back,5.97874116897583
2,1401,and,3.38171124458313
2,1402,I,1.3258789777755737
2,1403,figured,5.45970344543457
2,1404,I,1.4212266206741333
2,1405,I,8.978629112243652
2,1406,I,6.185508728027344
2,1407,I,3.1593871116638184
2,1408,had,4.679314613342285
2,1409,I,6.320859432220459
2,1410,I,1.8636177778244019
2,1411,standing,9.461456298828125
2,1412,on,2.369438648223877
2,1413,a,2.080735445022583
2,1414,perfectly,8.431121826171875
2,1415,flat,2.1493499279022217
2,1416,square,6.9151506423950195
2,1417,of,2.4577698707580566
2,1418,dark,6.19691276550293
2,1419,stone,3.5505661964416504
2,1420,feet,7.335361480712891
2,1421,very,7.12204647064209
2,1422,town,10.592771530151367
2,1423,hawaiian,18.146483911201358
2,1424,drive,8.99067497253418
2,1425,island,11.062644004821777
2,1426,mound,10.63485336303711
2,1427,turn,6.693243026733398
2,1428,marked,10.318305015563965
2,1429,records,11.298604965209961
2,1430,pie,12.28056526184082
2,1431,statues,9.392678260803223
2,1432,tapped,10.024613380432129
2,1433,want,10.285932540893555
2,1434,through,8.688623428344727
2,1435,snow,6.968641757965088
2,1436,For,8.15066146850586
2,1437,far,8.250040054321289
2,1438,I,5.703508377075195
2,1439,could,2.755864381790161
2,1440,see,0.6544620394706726
2,1441,by,6.679814338684082
2,1442,a,3.9466819763183594
2,1443,weak,8.607501983642578
2,1444,gray,8.19847297668457
2,1445,light,1.8843095302581787
2,1446,stone,9.389907836914062
2,1447,stepped,7.743581771850586
2,1448,up,2.80419921875
2,1449,and,2.4831130504608154
2,1450,down,3.730067491531372
2,1451,making,6.0469889640808105
2,1452,little,5.269224166870117
2,1453,hills,6.52103328704834
2,1454,and,3.0796992778778076
2,1455,and,6.91090202331543
2,1456,platforms,10.055620193481445
2,1457,I,3.1361916065216064
2,1458,seemed,6.8174052238464355
2,1459,be,7.849786758422852
2,1460,somewhere,8.15521240234375
2,1461,in,2.4189975261688232
2,1462,middle,5.82037353515625
2,1463,there,5.549095630645752
2,1464,above,9.32912826538086
2,1465,below,9.275933265686035
2,1466,sell,11.584957122802734
2,1467,remembering,12.989202499389648
2,1468,base,9.227569580078125
2,1469,machine,10.664965629577637
2,1470,smelled,10.992013931274414
2,1471,ounces,15.555169105529785
2,1472,old,5.960208892822266
2,1473,quantity,10.397701263427734
2,1474,trying,8.351236343383789
2,1475,sky,12.96405029296875
2,1476,dull,10.357584953308105
2,1477,and,3.408844232559204
2,1478,and,6.447579383850098
2,1479,overcast,11.835098266601562
2,1480,air,7.690515518188477
2,1481,smelled,5.887179374694824
2,1482,bad,6.066258430480957
2,1483,in,4.698841571807861
2,1484,way,7.364871978759766
2,1485,I,2.845719814300537
2,1486,describe,10.983044624328613
2,1487,and,4.430637359619141
2,1488,feet,11.206207275390625
2,1489,I,3.4258151054382324
2,1490,could,4.579459190368652
2,1491,see,0.6659872531890869
2,1492,same,8.328876495361328
2,1493,design,8.807477951049805
2,1494,from,4.2932329177856445
2,1495,little,6.902895450592041
2,1496,journal,8.781246185302734
2,1497,and,3.2240982055664062
2,1498,mound,10.273080825805664
2,1499,carved,7.42271614074707
2,1500,into,3.99529767036438
2,1501,rock,4.0179290771484375
2,1502,I,2.772603988647461
2,1503,in,6.174771785736084
2,1504,shock,8.13778305053711
2,1505,blood,8.987189292907715
2,1506,pounded,8.416864395141602
2,1507,in,2.957476854324341
2,1508,head,6.29507303237915
2,1509,and,2.058948040008545
2,1510,I,3.580627679824829
2,1511,stood,5.324351787567139
2,1512,there,1.5884886980056763
2,1513,blinking,5.901689529418945
2,1514,and,2.3912391662597656
2,1515,listening,5.640622138977051
2,1516,a,4.7383036613464355
2,1517,sort,6.882978439331055
2,1518,of,0.046757180243730545
2,1519,ringing,8.196697235107422
2,1520,whine,7.920279026031494
2,1521,in,2.6124069690704346
2,1522,ears,6.509756088256836
2,1523,next,7.469616889953613
2,1524,moment,6.25338077545166
2,1525,Acres,9.490600850433111
2,1526,there,7.755739212036133
2,1527,Hands,10.836669921875
2,1528,up,3.8453125953674316
2,1529,in,4.214255332946777
2,1530,same,7.060602188110352
2,1531,way,3.7569580078125
2,1532,mine,9.372520446777344
2,1533,were,3.911902666091919
2,1534,frozen,7.091702461242676
2,1535,We,6.858351707458496
2,1536,looked,3.1416122913360596
2,1537,each,6.6626996994018555
2,1538,other,0.12534834444522858
2,1539,I,8.281105041503906
2,1540,guess,6.079110622406006
2,1541,thinking,7.707592010498047
2,1542,back,4.1702423095703125
2,1543,I,2.500851631164551
2,1544,might,5.802176475524902
2,1545,expected,11.517679214477539
2,1546,gloat,17.651254177093506
2,1547,view,10.371894836425781
2,1548,kind,9.305960655212402
2,1549,of,0.11022870242595673
2,1550,thing,3.1303458213806152
2,1551,that,4.580707550048828
2,1552,humbles,12.51471996307373
2,1553,you,3.448195457458496
2,1554,shuts,12.147054672241211
2,1555,your,2.5679917335510254
2,1556,mouth,2.4970943927764893
2,1557,we,5.843749046325684
2,1558,fingers,10.111108779907227
2,1559,meeting,9.34527587890625
2,1560,hell,9.865778923034668
2,1561,design,10.002533912658691
2,1562,traffic,12.17913818359375
2,1563,wont,10.054593086242676
2,1564,drew,11.978132247924805
2,1565,high,7.885119438171387
2,1566,stop,7.623230934143066
2,1567,highway,9.557722091674805
2,1568,idea,7.797346115112305
2,1569,covered,9.34017562866211
2,1570,places,8.801990509033203
2,1571,running,7.603337287902832
2,1572,We,9.639162063598633
2,1573,just,5.135963439941406
2,1574,stood,3.832547426223755
2,1575,looking,4.161510467529297
2,1576,at,0.9615355730056763
2,1577,each,1.0514599084854126
2,1578,other,0.04155696928501129
2,1579,for,3.656689405441284
2,1580,a,0.585553765296936
2,1581,little,3.7748329639434814
2,1582,while,0.5954663753509521
2,1583,I,2.4023854732513428
2,1584,know,5.644137382507324
2,1585,how,3.5885534286499023
2,1586,long,4.514861106872559
2,1587,What,12.004537582397461
2,1588,is,3.3042445182800293
2,1589,it,1.3978861570358276
2,1590,was,5.591419696807861
2,1591,all,4.721432685852051
2,1592,I,2.858776092529297
2,1593,could,3.6190192699432373
2,1594,think,2.2307558059692383
2,1595,to,4.362859725952148
2,1596,say,2.5629820823669434
2,1597,Acres,7.152514100074768
2,1598,just,4.7371978759765625
2,1599,shrugged,5.100356101989746
2,1600,A,7.01552152633667
2,1601,place,6.962615013122559
2,1602,I,3.2679290771484375
2,1603,know,3.2056362628936768
2,1604,I,2.632838487625122
2,1605,think,3.6834418773651123
2,1606,this,3.8225364685058594
2,1607,whole,5.647028923034668
2,1608,thing,1.5370032787322998
2,1609,he,4.959847927093506
2,1610,waved,7.3210768699646
2,1611,his,2.1821486949920654
2,1612,hand,0.7449188828468323
2,1613,at,3.332740545272827
2,1614,the,2.579707145690918
2,1615,horizon,6.37704610824585
2,1616,is,7.498967170715332
2,1617,one,5.585153102874756
2,1618,big,4.062107563018799
2,1619,machine,7.569911003112793
2,1620,And,5.706600189208984
2,1621,the,2.9871435165405273
2,1622,markers,9.48874568939209
2,1623,were,2.8785059452056885
2,1624,carved,5.78463077545166
2,1625,later,9.093642234802246
2,1626,not,6.777382850646973
2,1627,be,7.344851493835449
2,1628,whoever,10.478570938110352
2,1629,built,5.2713823318481445
2,1630,it,0.9034950137138367
2,1631,The,4.074872016906738
2,1632,markers,5.135773658752441
2,1633,are,2.7227258682250977
2,1634,places,7.8264265060424805
2,1635,where,3.0945093631744385
2,1636,safe,10.823569297790527
2,1637,to,3.585066318511963
2,1638,come,4.6996307373046875
2,1639,here,4.004910469055176
2,1640,and,2.992279052734375
2,1641,leave,5.542497634887695
2,1642,ignored,12.057680130004883
2,1643,id,9.86425495147705
2,1644,him,8.261223793029785
2,1645,pages,11.1016845703125
2,1646,someone,9.006354331970215
2,1647,several,10.31451416015625
2,1648,took,8.590157508850098
2,1649,tell,10.32753849029541
2,1650,yes,8.658780097961426
2,1651,some,6.1534423828125
2,1652,id,9.4202299118042
2,1653,pattern,10.446085929870605
2,1654,Safe,13.432004928588867
2,1655,I,4.611817359924316
2,1656,looked,4.171341419219971
2,1657,around,2.591643810272217
2,1658,One,9.048964500427246
2,1659,thing,3.036299705505371
2,1660,ot,13.368780136108398
2,1661,this,4.411588668823242
2,1662,place,3.887105941772461
2,1663,seem,7.588860511779785
2,1664,was,5.429936408996582
2,1665,safe,6.616934776306152
2,1666,there,5.2397847175598145
2,1667,sounded,9.042078018188477
2,1668,slipped,12.055848121643066
2,1669,told,10.622293472290039
2,1670,mentioned,10.01429557800293
2,1671,for,6.521369934082031
2,1672,device,10.532466888427734
2,1673,issued,9.85216236114502
2,1674,all,6.465203285217285
2,1675,kentucky,21.38666343688965
2,1676,traffic,8.055428504943848
2,1677,whoever,10.908668518066406
2,1678,voice,10.191140174865723
2,1679,pushing,10.660207748413086
2,1680,Let,9.467170715332031
2,1681,me,1.7200984954833984
2,1682,show,4.906459808349609
2,1683,you,0.16777579486370087
2,1684,the,2.1782565116882324
2,1685,rest,6.436366081237793
2,1686,He,5.84583854675293
2,1687,started,5.020073890686035
2,1688,walking,2.802786111831665
2,1689,down,2.749753952026367
2,1690,the,0.6454163789749146
2,1691,steps,5.221095085144043
2,1692,and,2.317134380340576
2,1693,around,5.222810745239258
2,1694,a,2.8104374408721924
2,1695,corner,2.49543833732605
2,1696,It,5.310417175292969
2,1697,would,5.27712345123291
2,1698,have,2.154633045196533
2,1699,taken,2.58866810798645
2,1700,plenty,8.656267166137695
2,1701,to,2.781733989715576
2,1702,surprise,8.096803665161133
2,1703,me,0.9798664450645447
2,1704,after,5.613570213317871
2,1705,what,4.33770751953125
2,1706,I,1.5724316835403442
2,1707,had,2.2846245765686035
2,1708,already,4.126087188720703
2,1709,seen,1.0930029153823853
2,1710,but,3.362006187438965
2,1711,My,8.411574363708496
2,1712,jaw,6.213932991027832
2,1713,was,2.078160285949707
2,1714,banging,8.317609786987305
2,1715,against,4.366772651672363
2,1716,my,2.167356491088867
2,1717,shoelaces,10.59295766055584
2,1718,when,4.6268792152404785
2,1719,I,1.2124698162078857
2,1720,rounded,8.419166564941406
2,1721,that,6.256970405578613
2,1722,corner,0.28894275426864624
2,1723,not,6.955316543579102
2,1724,sure,2.768711566925049
2,1725,how,2.209498405456543
2,1726,something,7.842318058013916
2,1727,so,2.7956290245056152
2,1728,big,3.6584160327911377
2,1729,could,1.4288249015808105
2,1730,have,3.581143617630005
2,1731,been,2.257904052734375
2,1732,hidden,4.017852783203125
2,1733,by,4.33602237701416
2,1734,that,3.898752212524414
2,1735,little,3.2372970581054688
2,1736,turn,8.680208206176758
2,1737,in,4.474915981292725
2,1738,landscape,6.069305896759033
2,1739,but,4.2577900886535645
2,1740,maybe,4.853006362915039
2,1741,perspective,11.542183876037598
2,1742,work,8.794770240783691
2,1743,quite,9.12841510772705
2,1744,the,4.4578857421875
2,1745,same,1.9895211458206177
2,1746,there,6.265437126159668
2,1747,Glaring,13.874849557876587
2,1748,down,4.990942001342773
2,1749,at,1.7064651250839233
2,1750,me,2.427781820297241
2,1751,from,4.314188003540039
2,1752,no,6.284903526306152
2,1753,more,3.8265933990478516
2,1754,than,1.3527754545211792
2,1755,twenty,4.781651973724365
2,1756,feet,0.49063000082969666
2,1757,away,2.25246262550354
2,1758,was,4.502994537353516
2,1759,a,2.1644976139068604
2,1760,thirty,9.564414024353027
2,1761,foot,0.5562813878059387
2,1762,tall,2.0471603870391846
2,1763,black,4.118762493133545
2,1764,face,5.011064529418945
2,1765,with,2.4743120670318604
2,1766,staring,8.963356971740723
2,1767,blue,5.753755569458008
2,1768,and,5.734610557556152
2,1769,white,2.546154737472534
2,1770,eyes,0.8067823648452759
2,1771,and,2.498105525970459
2,1772,it,5.167209625244141
2,1773,wore,6.004551887512207
2,1774,a,1.3694274425506592
2,1775,ridiculous,7.606232643127441
2,1776,little,4.982551097869873
2,1777,hat,3.749131917953491
2,1778,For,8.006328582763672
2,1779,some,4.185128211975098
2,1780,reason,0.25357845425605774
2,1781,I,1.5323008298873901
2,1782,thought,2.6629574298858643
2,1783,of,4.819543361663818
2,1784,a,3.0414540767669678
2,1785,giant,5.61372184753418
2,1786,clown,8.132787704467773
2,1787,face,4.041031360626221
2,1788,from,4.913859844207764
2,1789,a,2.119532823562622
2,1790,carnival,9.305863223271444
2,1791,ride,4.292268753051758
2,1792,but,4.0691609382629395
2,1793,it,2.4228880405426025
2,1794,scared,7.02340030670166
2,1795,the,3.06174373626709
2,1796,hell,1.3238328695297241
2,1797,out,0.03629956766963005
2,1798,me,5.91903018951416
2,1799,Acres,8.169345713220537
2,1800,stood,4.850192070007324
2,1801,beside,5.447744369506836
2,1802,it,3.955887794494629
2,1803,and,1.8714330196380615
2,1804,somehow,7.590287685394287
2,1805,using,9.15871810913086
2,1806,him,6.037423133850098
2,1807,as,1.8070054054260254
2,1808,a,0.49557602405548096
2,1809,yardstick,9.601269125938416
2,1810,for,3.326763391494751
2,1811,the,2.7076592445373535
2,1812,scale,5.059215545654297
2,1813,of,1.9943428039550781
2,1814,the,1.7757530212402344
2,1815,thing,3.1804442405700684
2,1816,made,5.713738441467285
2,1817,it,1.5075658559799194
2,1818,easier,6.152464866638184
2,1819,to,0.5169401168823242
2,1820,see,1.4771491289138794
2,1821,It,4.078696250915527
2,1822,was,1.3787198066711426
2,1823,a,2.1971189975738525
2,1824,He,10.379974365234375
2,1825,had,2.463469982147217
2,1826,a,1.7786827087402344
2,1827,serious,7.855433940887451
2,1828,sincere,13.648873329162598
2,1829,look,2.0766544342041016
2,1830,on,1.8797218799591064
2,1831,his,0.02930990792810917
2,1832,face,0.06448280066251755
2,1833,and,1.476371169090271
2,1834,he,2.9204370975494385
2,1835,was,2.3189711570739746
2,1836,pointing,6.503437042236328
2,1837,to,1.9268302917480469
2,1838,the,1.195945143699646
2,1839,ground,3.5255801677703857
2,1840,This,6.320925235748291
2,1841,is,3.018789768218994
2,1842,what,2.294008731842041
2,1843,I,1.3627361059188843
2,1844,wanted,3.7898266315460205
2,1845,to,0.45080476999282837
2,1846,show,3.426572322845459
2,1847,you,0.9822678565979004
2,1848,I,2.66894793510437
2,1849,looked,3.343510389328003
2,1850,down,2.178544521331787
2,1851,and,2.0468220710754395
2,1852,saw,1.345004916191101
2,1853,he,3.8612046241760254
2,1854,was,0.7898630499839783
2,1855,pointing,4.174068450927734
2,1856,to,1.2983903884887695
2,1857,another,4.571201324462891
2,1858,marker,7.895105361938477
2,1859,just,4.884284019470215
2,1860,slightly,5.550789833068848
2,1861,different,3.7109458446502686
2,1862,from,2.3903210163116455
2,1863,the,0.8991898894309998
2,1864,one,0.3146151900291443
2,1865,we,3.8295376300811768
2,1866,had,1.1267738342285156
2,1867,just,2.458207130432129
2,1868,left,4.289678573608398
2,1869,I,2.9895782470703125
2,1870,was,2.764094591140747
2,1871,pretty,5.292856693267822
2,1872,rattled,9.510815620422363
2,1873,but,3.2184360027313232
2,1874,things,7.436688423156738
2,1875,fell,6.371710300445557
2,1876,together,4.868635177612305
2,1877,for,3.7961843013763428
2,1878,me,2.4132332801818848
2,1879,looking,6.942113399505615
2,1880,at,1.4044032096862793
2,1881,the,1.4514065980911255
2,1882,big,4.658971786499023
2,1883,statue,5.856205940246582
2,1884,the,4.388001441955566
2,1885,Hawaiian,13.493127822875977
2,1886,shirt,8.273378372192383
2,1887,and,2.8806121349334717
2,1888,the,1.4389679431915283
2,1889,mark,7.129644870758057
2,1890,on,1.6223595142364502
2,1891,the,0.6925318241119385
2,1892,ground,3.752776861190796
2,1893,Easter,12.336590766906738
2,1894,Island,2.1175408363342285
2,1895,Acres,7.183972799219191
2,1896,nodded,4.266304016113281
2,1897,It,5.0125603675842285
2,1898,was,0.9014644622802734
2,1899,all,3.985546112060547
2,1900,too,4.528111934661865
2,1901,much,1.6558802127838135
2,1902,for,1.923239827156067
2,1903,me,0.7547251582145691
2,1904,so,4.781201362609863
2,1905,I,0.32819637656211853
2,1906,focused,7.44735050201416
2,1907,on,0.40444955229759216
2,1908,the,1.3344674110412598
2,1909,part,5.6283111572265625
2,1910,I,2.074275016784668
2,1911,could,3.5689830780029297
2,1912,handle,8.240386962890625
2,1913,So,6.272037029266357
2,1914,what,4.330317497253418
2,1915,does,3.9143850803375244
2,1916,this,1.3256016969680786
2,1917,have,2.9819111824035645
2,1918,to,0.14011472463607788
2,1919,do,0.028878703713417053
2,1920,with,0.04567344859242439
2,1921,gold,7.9304890632629395
2,1922,You,5.682049751281738
2,1923,could,3.2885332107543945
2,1924,step,7.987081527709961
2,1925,on,1.6489006280899048
2,1926,that,3.0393714904785156
2,1927,marker,6.166800498962402
2,1928,and,1.6007156372070312
2,1929,make,4.469884872436523
2,1930,the,3.047680377960205
2,1931,gestures,10.397319793701172
2,1932,the,4.785655975341797
2,1933,device,7.549217224121094
2,1934,and,4.510473251342773
2,1935,it,2.807358503341675
2,1936,would,0.713460385799408
2,1937,be,1.8625428676605225
2,1938,like,3.366117477416992
2,1939,pushing,7.257533073425293
2,1940,a,1.4447944164276123
2,1941,button,2.1269967555999756
2,1942,in,3.0653598308563232
2,1943,a,1.3794598579406738
2,1944,very,5.2666521072387695
2,1945,complex,5.147260665893555
2,1946,machine,4.708810806274414
2,1947,hu,14.879356384277344
2,1948,You,8.857937812805176
2,1949,would,3.204730987548828
2,1950,end,6.709623336791992
2,1951,up,0.023209108039736748
2,1952,on,3.250210762023926
2,1953,a,1.4891917705535889
2,1954,small,3.6946067810058594
2,1955,hill,3.476365327835083
2,1956,on,4.28584098815918
2,1957,You,10.6420259475708
2,1958,could,1.2300819158554077
2,1959,step,3.9586679935455322
2,1960,three,8.826850891113281
2,1961,feet,2.2085752487182617
2,1962,to,3.282106876373291
2,1963,the,0.9454604983329773
2,1964,right,1.039127230644226
2,1965,and,1.2828980684280396
2,1966,do,5.18497896194458
2,1967,the,1.5889986753463745
2,1968,same,1.1516741514205933
2,1969,thing,1.4063589572906494
2,1970,and,2.847838878631592
2,1971,you,2.2298645973205566
2,1972,would,0.6786857843399048
2,1973,end,3.009371042251587
2,1974,up,0.013286387547850609
2,1975,buried,8.115235328674316
2,1976,alive,5.786900043487549
2,1977,in,2.075078248977661
2,1978,a,1.374629259109497
2,1979,nearby,6.120953559875488
2,1980,rock,3.2387444972991943
2,1981,face,5.132084846496582
2,1982,But,5.777462959289551
2,1983,I,2.3289401531219482
2,1984,know,4.339592933654785
2,1985,how,3.0318503379821777
2,1986,to,1.7787843942642212
2,1987,make,2.1808769702911377
2,1988,it,1.700510025024414
2,1989,take,5.378291606903076
2,1990,me,2.9951300621032715
2,1991,anywhere,6.578314781188965
2,1992,let,7.24937629699707
2,1993,ed,12.842561721801758
2,1994,knew,8.085332870483398
2,1995,figured,11.228134155273438
2,1996,ink,12.304282188415527
2,1997,mentioned,10.38782787322998
2,1998,front,9.861900329589844
2,1999,here,6.497391700744629
2,2000,maybe,5.40332555770874
2,2001,hundreds,8.710391998291016
2,2002,g,9.943892478942871
2,2003,remember,11.589696884155273
2,2004,thank,9.348600387573242
2,2005,He,9.512287139892578
2,2006,pulled,5.373696327209473
2,2007,a,2.6695892810821533
2,2008,sheet,5.376148223876953
2,2009,of,1.0242410898208618
2,2010,folded,6.82297945022583
2,2011,paper,0.3343772292137146
2,2012,from,1.9582241773605347
2,2013,his,1.3699736595153809
2,2014,pocket,0.6660599708557129
2,2015,and,0.7416549324989319
2,2016,handed,3.671065330505371
2,2017,it,0.0925367996096611
2,2018,to,0.29841288924217224
2,2019,me,0.43743717670440674
2,2020,It,4.430539131164551
2,2021,read,4.288144588470459
2,2022,Department,13.681844711303711
2,2023,of,0.291711688041687
2,2024,the,3.8629212379455566
2,2025,Treasury,2.6787109375
2,2026,Financial,8.412012100219727
2,2027,Management,4.5053863525390625
2,2028,Service,3.7327654361724854
2,2029,Status,9.662528991699219
2,2030,Report,2.0906214714050293
2,2031,of,3.0915536880493164
2,2032,Treasury,5.036378383636475
2,2033,Owned,11.19484794139862
2,2034,Gold,8.17380428314209
2,2035,steps,15.022144317626953
2,2036,gas,12.281442642211914
2,2037,our,9.458786010742188
2,2038,bad,9.290382385253906
2,2039,huh,6.827590465545654
2,2040,high,7.577704429626465
2,2041,that,5.775940895080566
2,2042,places,9.245206832885742
2,2043,arrangement,11.889138221740723
2,2044,He,6.849396228790283
2,2045,pointed,4.307219505310059
2,2046,to,0.8381316065788269
2,2047,a,1.5357320308685303
2,2048,row,6.650557041168213
2,2049,that,5.200258731842041
2,2050,read,5.441854476928711
2,2051,Deep,11.747956275939941
2,2052,Storage,6.840958595275879
2,2053,Fort,8.23788070678711
2,2054,Knox,5.128827095031738
2,2055,I,4.114622592926025
2,2056,sucked,9.95615005493164
2,2057,in,1.9604274034500122
2,2058,a,1.091752290725708
2,2059,whole,7.769803047180176
2,2060,lot,2.7233307361602783
2,2061,of,0.48916542530059814
2,2062,air,1.526465892791748
2,2063,Anywhere,13.087949275970459
2,2064,Anywhere,8.500893384218216
2,2065,he,3.860023260116577
2,2066,walked,4.273026466369629
2,2067,around,4.528454303741455
2,2068,the,1.9401644468307495
2,2069,and,8.158050537109375
2,2070,came,5.945681571960449
2,2071,back,1.6592116355895996
2,2072,wrestling,14.3024320602417
2,2073,with,1.1324994564056396
2,2074,a,2.318833351135254
2,2075,big,3.465764045715332
2,2076,heavy,6.13980770111084
2,2077,bar,6.288372039794922
2,2078,of,2.9326605796813965
2,2079,gold,1.5834800004959106
2,2080,They,6.579150676727295
2,2081,only,6.065311431884766
2,2082,check,9.095954895019531
2,2083,deep,9.93075180053711
2,2084,storage,0.3954755365848541
2,2085,once,6.675457954406738
2,2086,a,2.257392406463623
2,2087,year,0.7473748922348022
2,2088,Otherwise,10.958272933959961
2,2089,the,3.498264789581299
2,2090,vault,5.731287956237793
2,2091,is,2.689002752304077
2,2092,sealed,5.268678665161133
2,2093,Does,9.633931159973145
2,2094,anyone,1.8378256559371948
2,2095,else,2.3754615783691406
2,2096,know,1.3355928659439087
2,2097,about,2.8524234294891357
2,2098,this,1.0913227796554565
2,2099,How,8.091996192932129
2,2100,much,2.7997548580169678
2,2101,is,2.9853363037109375
2,2102,that,3.1612324714660645
2,2103,No,8.29098129272461
2,2104,they,5.8657097816467285
2,2105,would,4.551239013671875
2,2106,have,2.362973690032959
2,2107,been,3.094409227371216
2,2108,on,4.771821975708008
2,2109,they,6.47254753112793
2,2110,knew,4.383581638336182
2,2111,ready,10.800138473510742
2,2112,to,1.0653196573257446
2,2113,stop,6.206704139709473
2,2114,me,5.5542311668396
2,2115,writing,7.356961250305176
2,2116,tablets,11.717626571655273
2,2117,our,8.7688570022583
2,2118,nodded,10.529719352722168
2,2119,whoever,10.61026382446289
2,2120,staying,10.793903350830078
2,2121,dangerous,11.376951217651367
2,2122,gestures,12.873796463012695
2,2123,This,6.698769569396973
2,2124,is,1.175299882888794
2,2125,the,2.265106439590454
2,2126,ounces,14.56104850769043
2,2127,which,5.219346523284912
2,2128,I,2.424093246459961
2,2129,mentioned,6.506372451782227
2,2130,at,4.846868515014648
2,2131,the,0.6186910271644592
2,2132,restaurant,8.347089767456055
2,2133,About,8.602705001831055
2,2134,dollars,7.957691669464111
2,2135,at,5.558901309967041
2,2136,this,3.109874725341797
2,2137,rate,4.1220479011535645
2,2138,I,2.132422685623169
2,2139,looked,4.534832954406738
2,2140,at,1.475821614265442
2,2141,the,1.026169776916504
2,2142,sheet,6.6129679679870605
2,2143,in,4.962826728820801
2,2144,my,0.7638606429100037
2,2145,hand,1.701631784439087
2,2146,staying,10.656160354614258
2,2147,our,8.279793739318848
2,2148,said,7.904365539550781
2,2149,heavy,8.23404312133789
2,2150,hundred,10.930301666259766
2,2151,archeology,16.888421535491943
2,2152,sucked,11.626485824584961
2,2153,otherwise,10.67374038696289
2,2154,polynesian,14.212133843451738
2,2155,paid,9.542014122009277
2,2156,mound,11.337038040161133
2,2157,anybody,12.134160995483398
2,2158,best,8.991260528564453
2,2159,door,9.528955459594727
2,2160,start,8.621235847473145
2,2161,sort,8.635334968566895
2,2162,management,14.481121063232422
2,2163,Deep,11.501014709472656
2,2164,Storage,0.5954910516738892
2,2165,Fort,0.7413173317909241
2,2166,Knox,0.09640654176473618
2,2167,it,5.5537004470825195
2,2168,read,6.526819229125977
2,2169,Fine,8.590682983398438
2,2170,Troy,10.750279426574707
2,2171,Ounces,16.399287819862366
2,2172,Book,9.02501392364502
2,2173,Value,8.713420867919922
2,2174,I,4.001919746398926
2,2175,had,3.4916634559631348
2,2176,to,2.0373713970184326
2,2177,read,4.6859965324401855
2,2178,it,1.837299108505249
2,2179,twice,5.595707893371582
2,2180,I,2.731602191925049
2,2181,had,2.821855068206787
2,2182,never,6.731701850891113
2,2183,seen,1.6082149744033813
2,2184,a,1.7493021488189697
2,2185,dollar,2.9329214096069336
2,2186,sign,5.012076377868652
2,2187,in,2.4616777896881104
2,2188,front,5.56541109085083
2,2189,of,0.09039865434169769
2,2190,that,3.6818065643310547
2,2191,many,5.448576927185059
2,2192,number,7.661420822143555
2,2193,before,5.4935455322265625
2,2194,I,1.992727279663086
2,2195,thought,3.822810649871826
2,2196,they,4.896233558654785
2,2197,keep,8.02166748046875
2,2198,gold,5.8366265296936035
2,2199,there,4.0285491943359375
2,2200,anymore,8.736246109008789
2,2201,just,5.915218353271484
2,2202,nerve,13.127257347106934
2,2203,gas,4.127128601074219
2,2204,The,4.813872337341309
2,2205,gold,4.520650863647461
2,2206,is,3.115863800048828
2,2207,still,4.343911647796631
2,2208,there,1.3790109157562256
2,2209,sleight,15.395904541015625
2,2210,thursday,16.16091251373291
2,2211,around,6.242152214050293
2,2212,from,6.485852241516113
2,2213,awhile,7.997381210327148
2,2214,quantity,13.150975227355957
2,2215,note,7.651535511016846
2,2216,school,11.070428848266602
2,2217,waved,12.534369468688965
2,2218,web,11.20652961730957
2,2219,How,8.248669624328613
2,2220,much,1.1980308294296265
2,2221,can,4.835223197937012
2,2222,we,2.39375638961792
2,2223,sell,4.0902099609375
2,2224,before,5.604213714599609
2,2225,someone,5.754842758178711
2,2226,becomes,7.3502912521362305
2,2227,suspicious,4.9338250160217285
2,2228,Charles,10.558469772338867
2,2229,put,7.367364406585693
2,2230,the,2.4093949794769287
2,2231,bar,6.377575397491455
2,2232,ree,15.218424797058105
2,2233,down,6.814167022705078
2,2234,and,2.8660476207733154
2,2235,slid,6.82143497467041
2,2236,a,2.5461034774780273
2,2237,web,7.511679649353027
2,2238,pouch,8.824331283569336
2,2239,over,1.8769850730895996
2,2240,it,1.785260558128357
2,2241,with,4.749259948730469
2,2242,shoulder,11.174171447753906
2,2243,straps,4.058685302734375
2,2244,like,5.389146327972412
2,2245,a,1.9910130500793457
2,2246,small,5.401506423950195
2,2247,backpack,5.740943908691406
2,2248,None,8.95799446105957
2,2249,I,3.2248213291168213
2,2250,said,4.4735002517700195
2,2251,and,4.604207992553711
2,2252,slipped,6.685983657836914
2,2253,the,1.2372177839279175
2,2254,knife,8.146197319030762
2,2255,into,2.2663891315460205
2,2256,his,3.4052205085754395
2,2257,neck,4.546332359313965
2,2258,right,6.6804399490356445
2,2259,at,3.246051788330078
2,2260,the,0.516136109828949
2,2261,base,3.89493989944458
2,2262,of,0.5454769730567932
2,2263,his,0.7295791506767273
2,2264,skull,3.0338895320892334
2,2265,once,7.207362174987793
2,2266,seem,12.049592018127441
2,2267,deduction,13.882896423339844
2,2268,find,7.602545261383057
2,2269,rate,9.889864921569824
2,2270,things,7.733407497406006
2,2271,ounces,11.654699325561523
2,2272,ridiculous,11.193507194519043
2,2273,design,9.834646224975586
2,2274,drew,8.809642791748047
2,2275,leather,9.619379043579102
2,2276,Call,12.66604995727539
2,2277,me,1.5543111562728882
2,2278,small,9.316120147705078
2,2279,minded,6.712738990783691
2,2280,but,2.5620853900909424
2,2281,you,3.2834157943725586
2,2282,know,2.1779370307922363
2,2283,a,5.199477672576904
2,2284,bird,8.927555084228516
2,2285,in,4.434835433959961
2,2286,the,0.8790635466575623
2,2287,hand,5.558051109313965
2,2288,All,6.9895782470703125
2,2289,that,3.485926389694214
2,2290,gold,3.611762046813965
2,2291,in,3.4385569095611572
2,2292,Fort,8.962787628173828
2,2293,Knox,0.07815775275230408
2,2294,was,3.746218204498291
2,2295,just,3.365324020385742
2,2296,too,3.7144968509674072
2,2297,much,0.34852954745292664
2,2298,for,1.5529967546463013
2,2299,me,0.41977009177207947
2,2300,to,1.5100229978561401
2,2301,wrap,5.533266544342041
2,2302,my,0.07903890311717987
2,2303,head,0.4458191692829132
2,2304,around,0.09442353993654251
2,2305,But,5.471549987792969
2,2306,I,1.0540714263916016
2,2307,could,3.8867712020874023
2,2308,handle,5.089746475219727
2,2309,a,3.6549549102783203
2,2310,hundred,3.7845873832702637
2,2311,and,3.273838520050049
2,2312,fifty,2.95231294631958
2,2313,K,8.75084400177002
2,2314,easy,12.181079864501953
2,2315,say,7.342754364013672
2,2316,seventy,9.694425582885742
2,2317,five,4.303309440612793
2,2318,K,5.277451515197754
2,2319,from,6.186347484588623
2,2320,the,2.1241817474365234
2,2321,fence,8.513009071350098
2,2322,I,3.4098215103149414
2,2323,slipped,6.69265604019165
2,2324,the,1.0930458307266235
2,2325,little,6.40555477142334
2,2326,pouch,2.9890639781951904
2,2327,over,0.9391269087791443
2,2328,my,2.2258763313293457
2,2329,back,4.790683746337891
2,2330,and,1.5224075317382812
2,2331,wiped,7.4784650802612305
2,2332,the,1.2509115934371948
2,2333,knife,6.002424716949463
2,2334,on,2.2394888401031494
2,2335,his,2.3207125663757324
2,2336,jacket,6.9759111404418945
2,2337,Then,5.683695316314697
2,2338,I,1.4109505414962769
2,2339,made,4.941976547241211
2,2340,my,2.2078351974487305
2,2341,way,0.17986714839935303
2,2342,back,1.9378786087036133
2,2343,to,0.46706894040107727
2,2344,the,0.46066927909851074
2,2345,little,6.2031474113464355
2,2346,marker,8.24972152709961
2,2347,where,4.260335922241211
2,2348,we,2.5364904403686523
2,2349,came,5.954097747802734
2,2350,in,3.2907872200012207
2,2351,His,8.381671905517578
2,2352,mistake,10.664850234985352
2,2353,had,3.8023624420166016
2,2354,been,1.8498291969299316
2,2355,in,3.727907180786133
2,2356,telling,5.785008907318115
2,2357,me,1.097294569015503
2,2358,the,2.6382274627685547
2,2359,same,5.630756855010986
2,2360,gesture,8.468368530273438
2,2361,opened,10.289107322692871
2,2362,the,1.2910841703414917
2,2363,door,1.452610969543457
2,2364,the,4.829848289489746
2,2365,other,4.010202407836914
2,2366,way,1.258898377418518
2,2367,me,8.293718338012695
2,2368,duck,8.895719528198242
2,2369,plane,11.730690002441406
2,2370,button,9.03793716430664
2,2371,short,8.70698070526123
2,2372,never,8.699419021606445
2,2373,duplicating,13.911997318267822
2,2374,records,10.331396102905273
2,2375,twenty,9.171829223632812
2,2376,seen,9.178071975708008
2,2377,already,9.18543529510498
2,2378,I,2.628244161605835
2,2379,worried,9.692513465881348
2,2380,for,3.2616539001464844
2,2381,just,7.1594648361206055
2,2382,a,0.874464750289917
2,2383,moment,0.8313775062561035
2,2384,when,4.352995872497559
2,2385,I,0.9721154570579529
2,2386,started,5.5698652267456055
2,2387,waving,7.234506607055664
2,2388,my,2.6080989837646484
2,2389,hands,2.4456567764282227
2,2390,What,6.438572406768799
2,2391,if,2.6537818908691406
2,2392,it,2.6184768676757812
2,2393,work,9.550670623779297
2,2394,violating,14.672391891479492
2,2395,pulled,12.407041549682617
2,2396,mouth,12.425315856933594
2,2397,different,8.708874702453613
2,2398,new,7.61530876159668
2,2399,deduction,12.906886100769043
2,2400,magician,11.679586410522461
2,2401,put,5.14417839050293
2,2402,cash,8.235408782958984
2,2403,call,9.104998588562012
2,2404,realized,12.342347145080566
2,2405,kiss,10.78782844543457
2,2406,where,6.698666572570801
2,2407,well,8.728286743164062
2,2408,lights,10.25638484954834
2,2409,open,7.92197847366333
2,2410,case,7.634274005889893
2,2411,creation,10.357948303222656
2,2412,So,7.740114212036133
2,2413,the,3.588949680328369
2,2414,icy,12.475921630859375
2,2415,wind,3.602609157562256
2,2416,at,5.797808647155762
2,2417,the,0.9268490076065063
2,2418,top,2.9923949241638184
2,2419,of,0.8384619951248169
2,2420,the,0.50417560338974
2,2421,mound,7.031619071960449
2,2422,and,4.024188041687012
2,2423,the,1.0421321392059326
2,2424,bright,5.833422660827637
2,2425,moon,3.027602434158325
2,2426,came,4.562709331512451
2,2427,as,5.328208923339844
2,2428,a,1.8269826173782349
2,2429,real,6.441360950469971
2,2430,relief,3.885784149169922
2,2431,The,4.249269485473633
2,2432,gold,4.189178466796875
2,2433,was,1.6519649028778076
2,2434,heavy,6.830233573913574
2,2435,on,3.8417956829071045
2,2436,my,1.3031668663024902
2,2437,back,3.1923234462738037
2,2438,and,2.1233906745910645
2,2439,I,0.9200430512428284
2,2440,was,2.3798129558563232
2,2441,all,5.5206451416015625
2,2442,the,4.248997211456299
2,2443,way,1.030430793762207
2,2444,to,2.336820125579834
2,2445,the,0.501906156539917
2,2446,car,5.661200046539307
2,2447,before,4.739601135253906
2,2448,I,1.0627018213272095
2,2449,realized,2.7179579734802246
2,2450,I,1.6970219612121582
2,2451,had,1.523915410041809
2,2452,left,3.873741626739502
2,2453,the,1.8683315515518188
2,2454,keys,5.0641021728515625
2,2455,on,2.2628655433654785
2,2456,Charles,11.665830612182617
2,2457,The,4.976894378662109
2,2458,highway,8.694162368774414
2,2459,patrol,7.573379993438721
2,2460,was,2.935793876647949
2,2461,just,4.381426811218262
2,2462,bound,10.60150146484375
2,2463,to,1.5004820823669434
2,2464,come,2.6916234493255615
2,2465,by,3.343505620956421
2,2466,then,4.324281215667725
2,2467,After,7.004814147949219
2,2468,that,2.8155064582824707
2,2469,it,2.876591682434082
2,2470,was,0.4423312246799469
2,2471,just,2.315063714981079
2,2472,connect,13.40854549407959
2,2473,the,2.2575876712799072
2,2474,dots,3.9240362644195557
2,2475,back,5.678895950317383
2,2476,to,0.6757311224937439
2,2477,prison,7.912962913513184
2,2478,The,3.915369987487793
2,2479,rental,11.102680206298828
2,2480,car,0.7420850992202759
2,2481,records,9.60711669921875
2,2482,pointed,8.451713562011719
2,2483,to,1.1104254722595215
2,2484,Acres,7.845799231436104
2,2485,and,2.422921657562256
2,2486,there,5.227169036865234
2,2487,was,0.7925316691398621
2,2488,enough,5.555768013000488
2,2489,blood,6.839689254760742
2,2490,on,1.7293819189071655
2,2491,the,0.4517894387245178
2,2492,knife,9.496552467346191
2,2493,to,0.8960081338882446
2,2494,match,7.2457733154296875
2,2495,from,6.540980339050293
2,2496,Acres,6.9812495009973645
2,2497,comb,11.587957382202148
2,2498,in,4.843413352966309
2,2499,the,1.9456692934036255
2,2500,motel,7.930764198303223
2,2501,They,6.075024127960205
2,2502,never,4.810640335083008
2,2503,bothered,5.0734100341796875
2,2504,trying,4.607705593109131
2,2505,to,0.12232649326324463
2,2506,explain,4.670658111572266
2,2507,how,2.273167371749878
2,2508,Acres,6.988034691428766
2,2509,made,3.8286993503570557
2,2510,it,1.8862353563308716
2,2511,into,2.898042678833008
2,2512,the,0.7901868224143982
2,2513,country,5.813218116760254
2,2514,without,4.757370948791504
2,2515,a,2.8025763034820557
2,2516,ticket,4.9973602294921875
2,2517,on,5.583460807800293
2,2518,a,3.4261422157287598
2,2519,plane,5.405203819274902
2,2520,or,3.283170700073242
2,2521,a,2.1518378257751465
2,2522,boat,5.241225242614746
2,2523,But,5.090712070465088
2,2524,they,2.4170327186584473
2,2525,speculated,10.660894393920898
2,2526,all,5.8250532150268555
2,2527,through,4.5281572341918945
2,2528,the,0.8860573172569275
2,2529,trial,6.241448402404785
2,2530,about,4.129820823669434
2,2531,where,3.049940586090088
2,2532,the,1.453670859336853
2,2533,gold,1.421535849571228
2,2534,came,0.7179938554763794
2,2535,from,0.047172561287879944
2,2536,offered,11.694073677062988
2,2537,me,4.14278507232666
2,2538,deals,10.12711238861084
2,2539,The,4.5798749923706055
2,2540,prosecution,8.009387969970703
2,2541,liked,6.270170211791992
2,2542,the,1.5346657037734985
2,2543,idea,1.0794774293899536
2,2544,that,1.6201766729354858
2,2545,Acres,3.1736086480668746
2,2546,was,1.763735055923462
2,2547,my,8.579721450805664
2,2548,mule,8.468632161617279
2,2549,I,3.3989529609680176
2,2550,was,2.346952199935913
2,2551,a,3.2802562713623047
2,2552,one,6.411029815673828
2,2553,man,1.924117088317871
2,2554,gold,7.257474899291992
2,2555,cartel,7.10498046875
2,2556,in,4.458684921264648
2,2557,the,1.6866861581802368
2,2558,news,7.750276565551758
2,2559,I,2.8610754013061523
2,2560,still,5.950098037719727
2,2561,wonder,5.538285732269287
2,2562,why,2.1677916049957275
2,2563,Charles,5.860184192657471
2,2564,picked,6.2919535636901855
2,2565,me,1.4880857467651367
2,2566,Maybe,9.043889999389648
2,2567,he,1.709299087524414
2,2568,know,8.077457427978516
2,2569,anybody,9.351899147033691
2,2570,else,2.706010341644287
2,2571,with,4.035164833068848
2,2572,connections,7.328534126281738
2,2573,But,6.757541656494141
2,2574,mostly,7.5605363845825195
2,2575,I,1.4428983926773071
2,2576,I,9.253786087036133
2,2577,could,4.639377117156982
2,2578,find,4.6624650955200195
2,2579,way,8.105165481567383
2,2580,back,3.4106040000915527
2,2581,the,4.705803871154785
2,2582,mound,7.6169514656066895
2,2583,or,4.996253967285156
2,2584,Easter,10.936488151550293
2,2585,Island,0.07378064841032028
2,2586,even,6.712707042694092
2,2587,cable,13.776494979858398
2,2588,prosecution,13.40251350402832
2,2589,he,6.419168472290039
2,2590,ounces,18.156747817993164
2,2591,tone,11.179279327392578
2,2592,blinking,10.980806350708008
2,2593,hand,6.802399635314941
2,2594,ill,9.483821868896484
2,2595,people,6.474797248840332
2,2596,see,5.503396034240723
2,2597,hill,10.59185791015625
2,2598,I,4.137659072875977
2,2599,figure,7.25385856628418
2,2600,be,8.23886489868164
2,2601,worse,9.639266967773438
2,2602,than,1.477911353111267
2,2603,the,2.5552597045898438
2,2604,lethal,12.193864822387695
2,2605,injection,3.743678569793701
2,2606,waiting,7.695340633392334
2,2607,for,1.113393783569336
2,2608,me,1.8972413539886475
2,2609,at,4.108741760253906
2,2610,dawn,6.604281425476074
2,2611,I,2.6557507514953613
2,2612,do,5.708172798156738
2,2613,matter,9.585711479187012
2,2614,tell,8.296453475952148
2,2615,you,3.3859071731567383
2,2616,because,6.400408744812012
2,2617,there,4.106692790985107
2,2618,be,7.933245658874512
2,2619,jail,8.769207000732422
2,2620,can,6.950045585632324
2,2621,hold,5.1444268226623535
2,2622,me,2.6953349113464355
2,2623,leaving,10.332954406738281
2,2624,this,4.248746871948242
2,2625,tell,8.612627983093262
2,2626,whom,9.654813766479492
2,2627,may,6.995802879333496
2,2628,concern,10.83665657043457
2,2629,kiss,10.981229782104492
2,2630,ever,8.310937881469727
2,2631,ass,9.995128631591797
2,2632,Wish,11.893409729003906
2,2633,me,2.649413585662842
2,2634,luck,0.4608771800994873
2,2635,out,5.501734733581543
2,2636,of,1.971360206604004
3,0,The,
3,1,Black,7.542421340942383
3,2,Willow,9.983692169189453
3,3,Allan,14.227252006530762
3,4,sat,10.237737655639648
3,5,down,1.8522895574569702
3,6,at,2.668250560760498
3,7,his,1.9373400211334229
3,8,desk,1.0173709392547607
3,9,and,1.2323143482208252
3,10,pulled,4.32657527923584
3,11,the,3.1121346950531006
3,12,chair,5.719662666320801
3,13,in,4.156621932983398
3,14,close,7.024027347564697
3,15,legs,12.785597801208496
3,16,love,15.721786499023438
3,17,forced,11.62592887878418
3,18,windows,12.861696243286133
3,19,leaps,14.287556648254395
3,20,imagination,11.009209632873535
3,21,overshadowed,12.016043663024902
3,22,silence,8.27604866027832
3,23,insist,11.961045265197754
3,24,oh,8.092750549316406
3,25,Opening,14.748780250549316
3,26,a,3.0217580795288086
3,27,side,5.740421295166016
3,28,drawer,4.813082695007324
3,29,he,2.1468772888183594
3,30,took,3.57521653175354
3,31,out,0.6706135869026184
3,32,a,0.6772685647010803
3,33,piece,4.60965633392334
3,34,of,0.03571045771241188
3,35,paper,0.8217744827270508
3,36,and,1.2447582483291626
3,37,his,7.1007466316223145
3,38,After,12.068817138671875
3,39,filling,7.482690334320068
3,40,his,3.7600560188293457
3,41,pen,5.444737434387207
3,42,Allan,7.775852203369141
3,43,looked,3.230952501296997
3,44,at,1.0438703298568726
3,45,his,2.3950555324554443
3,46,paper,4.500042915344238
3,47,in,3.9001946449279785
3,48,the,2.6758177280426025
3,49,orange,8.502270698547363
3,50,glow,4.163524627685547
3,51,from,4.893179416656494
3,52,the,0.7139653563499451
3,53,lantern,5.74321174621582
3,54,set,6.793394088745117
3,55,back,5.948364734649658
3,56,in,1.367761492729187
3,57,the,0.33274707198143005
3,58,right,8.209063529968262
3,59,hand,2.102893829345703
3,60,corner,3.5788064002990723
3,61,His,7.276090621948242
3,62,pen,4.34022331237793
3,63,cast,10.307267189025879
3,64,a,0.610329806804657
3,65,forbidding,11.56962951272726
3,66,line,5.172734260559082
3,67,of,1.2997876405715942
3,68,shadow,4.048802852630615
3,69,across,2.606518030166626
3,70,the,0.5235083699226379
3,71,page,3.3587965965270996
3,72,echoing,12.133463859558105
3,73,the,2.2573940753936768
3,74,darkness,5.777829647064209
3,75,crouching,12.581291496753693
3,76,in,1.837053656578064
3,77,the,0.6280166506767273
3,78,edges,6.101132392883301
3,79,of,0.6438280940055847
3,80,the,0.5123900175094604
3,81,struggling,11.527445793151855
3,82,glow,9.435193061828613
3,83,The,2.9592344760894775
3,84,only,4.6681952476501465
3,85,other,4.663134574890137
3,86,illumination,7.088689804077148
3,87,came,3.2158870697021484
3,88,from,0.25757303833961487
3,89,a,1.6727570295333862
3,90,lurid,10.264921194408089
3,91,moonlight,7.869280219078064
3,92,filtered,7.927886962890625
3,93,through,0.41870546340942383
3,94,thin,6.827190399169922
3,95,branches,6.018194198608398
3,96,and,2.5672614574432373
3,97,clouds,6.350161552429199
3,98,casting,8.27214527130127
3,99,its,4.810152530670166
3,100,bone,11.942405700683594
3,101,pale,8.916132926940918
3,102,glow,3.132080078125
3,103,onto,4.072443008422852
3,104,the,0.4697903096675873
3,105,pine,8.831802368164062
3,106,floorboards,12.23445177078247
3,107,Allan,3.044118881225586
3,108,unfolded,8.179994583129883
3,109,another,4.934959411621094
3,110,page,4.551422119140625
3,111,this,7.012693881988525
3,112,one,3.98954176902771
3,113,crowded,10.488189697265625
3,114,with,0.5982198119163513
3,115,ranks,10.571293830871582
3,116,of,0.324441134929657
3,117,letters,3.966263771057129
3,118,in,3.304804801940918
3,119,tight,7.450079917907715
3,120,formation,5.989223957061768
3,121,from,4.893199920654297
3,122,left,4.145214080810547
3,123,to,0.0704340934753418
3,124,right,0.010352836921811104
3,125,trees,10.39626693725586
3,126,you,8.466257095336914
3,127,skin,11.972663879394531
3,128,troops,14.788631439208984
3,129,the,4.329413414001465
3,130,willow,10.314996004104614
3,131,ground,6.102772235870361
3,132,The,3.867865562438965
3,133,lines,5.700817584991455
3,134,of,0.8226044178009033
3,135,letters,2.5959391593933105
3,136,stepped,9.518974304199219
3,137,into,3.0395987033843994
3,138,their,4.288607597351074
3,139,divisions,11.206425666809082
3,140,in,3.700118064880371
3,141,the,1.621963620185852
3,142,shape,5.34138298034668
3,143,of,0.010561289265751839
3,144,a,1.9887356758117676
3,145,outline,9.577445983886719
3,146,the,3.300910472869873
3,147,loose,9.744444847106934
3,148,dry,9.009973526000977
3,149,skeleton,11.039857864379883
3,150,of,1.2442182302474976
3,151,a,0.8006498217582703
3,152,tale,10.484739303588867
3,153,lay,6.516523361206055
3,154,exposed,5.305715084075928
3,155,beneath,3.976503610610962
3,156,their,4.3958001136779785
3,157,feet,3.0865869522094727
3,158,awaiting,10.107698440551758
3,159,tendons,16.688379764556885
3,160,muscle,10.758543014526367
3,161,and,2.653625011444092
3,162,blushing,13.628389358520508
3,163,skin,4.064576625823975
3,164,Allan,4.428023338317871
3,165,reviewed,10.117607116699219
3,166,the,0.7672711610794067
3,167,troops,12.246943473815918
3,168,all,6.10664176940918
3,169,prepared,6.601132869720459
3,170,to,0.7836218476295471
3,171,their,9.817054748535156
3,172,task,2.4133474826812744
3,173,to,3.745461940765381
3,174,form,4.588335990905762
3,175,the,2.0150399208068848
3,176,tale,8.391127586364746
3,177,of,1.6208962202072144
3,178,a,1.8348517417907715
3,179,young,3.8519093990325928
3,180,man,1.7549492120742798
3,181,returning,6.470104694366455
3,182,home,0.5592300891876221
3,183,from,1.216193675994873
3,184,Life,13.272172927856445
3,185,Abroad,9.688994765281677
3,186,to,3.2610526084899902
3,187,find,1.5116117000579834
3,188,his,1.0638569593429565
3,189,childhood,6.118063926696777
3,190,friend,2.1668124198913574
3,191,a,4.583792686462402
3,192,bride,6.934637069702148
3,193,to,3.7880139350891113
3,194,be,2.795768976211548
3,195,thus,11.692824363708496
3,196,upsetting,13.449846267700195
3,197,the,2.0767083168029785
3,198,apple,5.85930061340332
3,199,cart,3.669661521911621
3,200,of,3.0528903007507324
3,201,his,1.2226938009262085
3,202,plan,7.45280647277832
3,203,clarified,13.974037170410156
3,204,of,6.657098293304443
3,205,course,3.0158724784851074
3,206,by,4.923530101776123
3,207,his,2.20793080329895
3,208,very,6.4213762283325195
3,209,time,8.119500160217285
3,210,away,6.1216840744018555
3,211,from,0.6492888331413269
3,212,her,5.215880870819092
3,213,he,2.6611979007720947
3,214,loved,7.474075794219971
3,215,best,8.12436294555664
3,216,Although,10.921128273010254
3,217,the,2.463737964630127
3,218,concept,7.530871391296387
3,219,was,2.378361701965332
3,220,a,2.8104026317596436
3,221,simple,4.223708629608154
3,222,one,0.4323955774307251
3,223,Allan,4.201272964477539
3,224,thought,4.728549480438232
3,225,it,2.144446849822998
3,226,had,3.618832588195801
3,227,potential,6.481039047241211
3,228,Besides,9.947900772094727
3,229,the,1.2907007932662964
3,230,public,9.25546932220459
3,231,liked,9.895634651184082
3,232,a,4.360480308532715
3,233,good,1.9706189632415771
3,234,simple,7.361871242523193
3,235,romance,6.912752151489258
3,236,Perhaps,7.850462436676025
3,237,this,3.6478524208068848
3,238,will,4.873939037322998
3,239,be,1.3409918546676636
3,240,more,4.309848785400391
3,241,he,7.780660629272461
3,242,thought,2.82969331741333
3,243,and,3.7046895027160645
3,244,began,5.0838236808776855
3,245,to,1.0167299509048462
3,246,write,2.2027347087860107
3,247,They,9.699105262756348
3,248,at,6.836428642272949
3,249,each,5.628386497497559
3,250,other,1.5095655918121338
3,251,lost,7.649689197540283
3,252,in,2.7455008029937744
3,253,the,1.2213021516799927
3,254,rapture,11.583110213279724
3,255,of,0.42528221011161804
3,256,love,3.344846725463867
3,257,based,9.820005416870117
3,258,so,6.453150272369385
3,259,deeply,4.545134544372559
3,260,within,3.872154951095581
3,261,their,2.281808376312256
3,262,hearts,1.584145188331604
3,263,that,3.643911838531494
3,264,they,1.6280834674835205
3,265,had,3.2147324085235596
3,266,never,3.689807653427124
3,267,seen,2.985715866088867
3,268,it,2.7358956336975098
3,269,before,1.6862579584121704
3,270,What,6.044968128204346
3,271,about,5.750926494598389
3,272,Roger,10.471112251281738
3,273,she,6.946704864501953
3,274,asked,4.936776161193848
3,275,knowing,7.917394161224365
3,276,that,1.7489488124847412
3,277,the,3.060577392578125
3,278,answer,5.079712390899658
3,279,no,5.369847297668457
3,280,longer,3.835331439971924
3,281,mattered,2.3003101348876953
3,282,This,5.967382431030273
3,283,is,2.8445000648498535
3,284,good,5.918993949890137
3,285,he,3.65501070022583
3,286,thought,2.781665325164795
3,287,pausing,11.048959106206894
3,288,to,1.7992894649505615
3,289,raise,5.786501884460449
3,290,the,2.6856446266174316
3,291,low,7.604887962341309
3,292,light,5.467822074890137
3,293,of,1.94369375705719
3,294,the,1.098984718322754
3,295,lantern,1.4714313745498657
3,296,I,6.553769111633301
3,297,I,5.845075607299805
3,298,may,5.712803840637207
3,299,finish,8.70632553100586
3,300,this,1.6605780124664307
3,301,story,2.5795857906341553
3,302,As,5.705537796020508
3,303,he,2.0614168643951416
3,304,thought,3.488922357559204
3,305,this,2.7114641666412354
3,306,a,4.625208377838135
3,307,wind,7.140018463134766
3,308,house,11.032742500305176
3,309,slipping,9.974004745483398
3,310,through,2.7697792053222656
3,311,walls,8.337909698486328
3,312,chill,9.451680183410645
3,313,him,5.508977890014648
3,314,papers,12.401118278503418
3,315,flame,10.306797981262207
3,316,as,4.621453285217285
3,317,thin,7.576437950134277
3,318,fingers,4.580562591552734
3,319,of,3.5639803409576416
3,320,a,3.8146347999572754
3,321,great,6.289830207824707
3,322,black,3.8621649742126465
3,323,willow,7.064982861280441
3,324,rapped,10.601290225982666
3,325,gently,5.235073566436768
3,326,on,1.9925165176391602
3,327,window,9.95004940032959
3,328,wall,5.8719096183776855
3,329,like,6.340141296386719
3,330,a,1.1724128723144531
3,331,stranger,8.633331298828125
3,332,knocking,7.178568363189697
3,333,on,1.3226441144943237
3,334,his,1.9200315475463867
3,335,chamber,9.568456649780273
3,336,door,0.33122313022613525
3,337,This,4.877815246582031
3,338,was,1.981262445449829
3,339,no,4.873475551605225
3,340,stranger,4.268139839172363
3,341,however,5.706027507781982
3,342,twisted,11.413259506225586
3,343,ancient,8.669828414916992
3,344,thing,8.439623832702637
3,345,was,3.4576239585876465
3,346,older,8.944193840026855
3,347,than,1.7288874387741089
3,348,Allan,3.6138784885406494
3,349,its,6.005417823791504
3,350,branches,6.538714408874512
3,351,rapping,10.09545087814331
3,352,on,2.7957122325897217
3,353,his,2.53659987449646
3,354,window,2.358011245727539
3,355,since,9.440089225769043
3,356,his,2.599363327026367
3,357,childhood,3.4567360877990723
3,358,breath,11.066463470458984
3,359,true,11.131103515625
3,360,such,8.26634407043457
3,361,flowing,8.874381065368652
3,362,Its,12.367254257202148
3,363,thin,6.386645793914795
3,364,drawn,9.334766387939453
3,365,fingers,2.488878011703491
3,366,framed,10.18602180480957
3,367,the,1.4836132526397705
3,368,bloated,10.318431854248047
3,369,moon,6.544835090637207
3,370,whose,8.057433128356934
3,371,eerie,8.417318344116211
3,372,radiation,10.140177726745605
3,373,now,5.547584056854248
3,374,bathed,7.937952022999525
3,375,the,1.5478962659835815
3,376,room,3.6585323810577393
3,377,directly,10.058906555175781
3,378,The,3.543541669845581
3,379,great,6.204909801483154
3,380,jaundiced,14.020025745034218
3,381,eye,5.609323501586914
3,382,stared,5.465593338012695
3,383,down,2.371849536895752
3,384,at,0.910854160785675
3,385,the,1.062864899635315
3,386,author,9.14639949798584
3,387,who,3.6762759685516357
3,388,up,8.547289848327637
3,389,through,5.424046039581299
3,390,his,2.274374485015869
3,391,tiny,7.035045623779297
3,392,frame,5.012036323547363
3,393,with,5.125531196594238
3,394,trepidation,9.032966715516523
3,395,Allan,7.842267036437988
3,396,recalled,7.031564712524414
3,397,himself,6.859999656677246
3,398,and,3.6454713344573975
3,399,focused,7.953921318054199
3,400,once,5.442084312438965
3,401,more,0.561854898929596
3,402,on,0.8598005771636963
3,403,the,0.7346078753471375
3,404,incomplete,10.309366226196289
3,405,page,4.119439125061035
3,406,before,4.698722839355469
3,407,him,2.372434377670288
3,408,His,4.769675254821777
3,409,pen,3.632380723953247
3,410,flickered,7.317859067203244
3,411,forth,8.18891429901123
3,412,words,7.262721538543701
3,413,dancing,9.627725601196289
3,414,out,4.2869873046875
3,415,from,2.868483304977417
3,416,its,4.564987659454346
3,417,In,11.285245895385742
3,418,the,1.8676197528839111
3,419,eye,7.503090858459473
3,420,the,3.488673686981201
3,421,the,7.532425403594971
3,422,the,7.120811939239502
3,423,the,6.165609359741211
3,424,the,4.092599391937256
3,425,the,1.7784937620162964
3,426,The,3.6727046966552734
3,427,author,5.948420524597168
3,428,leaned,5.15157413482666
3,429,back,1.6623315811157227
3,430,with,4.022771835327148
3,431,slight,6.434320449829102
3,432,sigh,4.100348472595215
3,433,if,7.510785102844238
3,434,both,7.9817705154418945
3,435,exhausted,9.356257438659668
3,436,satisfied,9.857041358947754
3,437,by,4.332820892333984
3,438,his,2.177300453186035
3,439,effort,3.463092803955078
3,440,He,4.254257678985596
3,441,held,5.141059875488281
3,442,hand,8.965834617614746
3,443,to,1.7630589008331299
3,444,his,1.213721513748169
3,445,forehead,3.337028980255127
3,446,eyes,8.871955871582031
3,447,closed,3.126519203186035
3,448,face,8.154748916625977
3,449,flushed,7.070829391479492
3,450,I,6.821569442749023
3,451,did,4.8309221267700195
3,452,again,7.741835594177246
3,453,he,3.917012929916382
3,454,thought,2.921804904937744
3,455,much,8.401577949523926
3,456,blasted,12.8687162399292
3,457,filled,8.139351844787598
3,458,wine,9.079264640808105
3,459,delicately,10.196769773960114
3,460,stared,8.239388465881348
3,461,possibility,15.185855865478516
3,462,fallen,10.05247688293457
3,463,despise,13.38180923461914
3,464,cherry,12.609046936035156
3,465,echoing,10.718486785888672
3,466,each,7.561100006103516
3,467,gone,12.333240509033203
3,468,magnificent,11.448761940002441
3,469,After,7.929373741149902
3,470,all,4.552084445953369
3,471,the,1.8644105195999146
3,472,end,6.7693939208984375
3,473,to,4.369313716888428
3,474,lose,8.402252197265625
3,475,control,6.163721084594727
3,476,again,5.328375816345215
3,477,His,4.904139518737793
3,478,breath,6.397997856140137
3,479,returning,5.895595073699951
3,480,to,1.1834840774536133
3,481,normal,4.269906997680664
3,482,rhythms,10.447052001953125
3,483,he,2.8517539501190186
3,484,dared,8.977031707763672
3,485,to,1.0496245622634888
3,486,look,3.3650527000427246
3,487,the,4.271487236022949
3,488,page,4.126073837280273
3,489,before,4.341065406799316
3,490,him,0.43172401189804077
3,491,His,4.781284332275391
3,492,face,4.148364067077637
3,493,soft,5.929609298706055
3,494,if,8.675880432128906
3,495,caught,7.793444633483887
3,496,between,4.158824443817139
3,497,smile,6.114363193511963
3,498,tears,8.249752044677734
3,499,he,4.263544082641602
3,500,draped,9.22205638885498
3,501,his,0.8699331879615784
3,502,loose,8.567070007324219
3,503,cape,7.557800769805908
3,504,over,0.8850488662719727
3,505,her,4.3900227546691895
3,506,shoulders,1.8962042331695557
3,507,Come,10.555477142333984
3,508,darling,9.69971752166748
3,509,he,3.9608352184295654
3,510,whispered,4.532463073730469
3,511,Where,9.729835510253906
3,512,to,4.481860160827637
3,513,take,4.640163421630859
3,514,you,3.049466133117676
3,515,one,6.842522621154785
3,516,need,8.320337295532227
3,517,never,4.187396049499512
3,518,think,4.3495588302612305
3,519,those,7.760365009307861
3,520,left,7.664750099182129
3,521,behind,2.5340240001678467
3,522,They,5.934354782104492
3,523,stepped,7.325229644775391
3,524,together,4.612821578979492
3,525,into,2.9552388191223145
3,526,his,3.4803009033203125
3,527,carriage,7.8186116218566895
3,528,her,7.548153877258301
3,529,eyes,3.062490701675415
3,530,wide,3.1477134227752686
3,531,with,1.9602619409561157
3,532,wonder,3.5765464305877686
3,533,she,3.8984739780426025
3,534,touched,5.435390949249268
3,535,felt,9.969681739807129
3,536,conveyed,12.625411033630371
3,537,if,7.295220375061035
3,538,through,6.632181644439697
3,539,her,2.6597084999084473
3,540,skin,5.92071533203125
3,541,the,2.266944408416748
3,542,nature,8.504491806030273
3,543,the,5.22907018661499
3,544,rails,13.073169708251953
3,545,reins,13.020051956176758
3,546,the,2.5813703536987305
3,547,They,11.361108779907227
3,548,took,4.243718147277832
3,549,their,2.35602068901062
3,550,seats,3.6046552658081055
3,551,within,5.836521625518799
3,552,the,1.088435173034668
3,553,car,4.227255821228027
3,554,his,4.5969390869140625
3,555,driver,8.231206893920898
3,556,set,6.955565452575684
3,557,the,1.6215379238128662
3,558,horses,6.475470542907715
3,559,trotting,10.475497037172318
3,560,few,9.914807319641113
3,561,yards,5.574750900268555
3,562,they,5.823668956756592
3,563,kicked,8.428487777709961
3,564,up,3.912609815597534
3,565,dust,5.432508945465088
3,566,along,5.85380744934082
3,567,the,0.36180028319358826
3,568,roadway,6.728989601135254
3,569,then,5.495027542114258
3,570,they,2.9330649375915527
3,571,raised,6.55405330657959
3,572,their,0.8047069311141968
3,573,hooves,4.4142165184021
3,574,took,8.301987648010254
3,575,to,4.1007232666015625
3,576,the,0.5888698101043701
3,577,air,1.8963580131530762
3,578,She,6.764494895935059
3,579,afraid,10.299759864807129
3,580,but,5.301284313201904
3,581,knowing,4.971736431121826
3,582,that,3.0487043857574463
3,583,no,4.240507125854492
3,584,harm,5.7656378746032715
3,585,would,1.8602759838104248
3,586,come,0.3709873557090759
3,587,to,1.5355758666992188
3,588,her,1.233923077583313
3,589,by,6.42031192779541
3,590,his,4.134036064147949
3,591,hand,5.0993194580078125
3,592,undeniable,12.964008331298828
3,593,unhealthy,14.397693634033203
3,594,centuries,12.471084594726562
3,595,such,7.370131492614746
3,596,possessed,10.588977813720703
3,597,morbid,12.645090103149414
3,598,pleasure,5.916327476501465
3,599,the,3.798846960067749
3,600,lies,10.139728546142578
3,601,craft,11.397040367126465
3,602,sun,11.735635757446289
3,603,he,5.155893802642822
3,604,ranks,13.60586166381836
3,605,The,6.962203025817871
3,606,New,9.497138977050781
3,607,England,3.1805062294006348
3,608,woods,5.475114345550537
3,609,disappeared,8.578653335571289
3,610,even,6.61456298828125
3,611,the,2.6117682456970215
3,612,greatest,8.008821487426758
3,613,pines,8.069599688053131
3,614,shrinking,9.616312980651855
3,615,to,3.0893850326538086
3,616,they,7.8901190757751465
3,617,mounted,9.30383586883545
3,618,the,2.3327865600585938
3,619,sky,6.2913312911987305
3,620,Above,7.570304870605469
3,621,them,3.029622793197632
3,622,the,1.7901691198349
3,623,Milky,9.342148780822754
3,624,Way,0.06734535843133926
3,625,drew,6.9159932136535645
3,626,near,2.7219300270080566
3,627,as,4.175957679748535
3,628,if,2.5081961154937744
3,629,the,3.0405843257904053
3,630,stars,2.708991527557373
3,631,themselves,5.460803508758545
3,632,could,4.440366744995117
3,633,be,2.582618474960327
3,634,reached,6.19199275970459
3,635,A,5.525883674621582
3,636,magnificent,7.4133501052856445
3,637,glow,6.407705307006836
3,638,infused,9.056640625
3,639,the,2.38447904586792
3,640,carriage,8.201032638549805
3,641,as,4.167294979095459
3,642,they,2.697183132171631
3,643,merged,8.59925651550293
3,644,with,2.3191823959350586
3,645,the,0.49958905577659607
3,646,glory,8.855767250061035
3,647,Allan,10.410684585571289
3,648,crushed,8.663688659667969
3,649,the,1.1629419326782227
3,650,page,6.215237617492676
3,651,in,2.7450149059295654
3,652,his,0.34916165471076965
3,653,hand,1.6012852191925049
3,654,and,2.687861919403076
3,655,it,4.981504917144775
3,656,at,8.165264129638672
3,657,the,2.467585325241089
3,658,window,7.9724860191345215
3,659,Damn,11.029868125915527
3,660,you,3.6714515686035156
3,661,he,2.633746385574341
3,662,cried,5.396118640899658
3,663,will,8.41832447052002
3,664,you,1.8740851879119873
3,665,never,4.323076248168945
3,666,leave,3.914274215698242
3,667,me,1.4094055891036987
3,668,be,6.076405048370361
3,669,Shall,9.083799362182617
3,670,I,1.452276349067688
3,671,never,4.090020179748535
3,672,finish,6.460638046264648
3,673,a,5.211237907409668
3,674,story,0.8411575555801392
3,675,in,4.1930952072143555
3,676,peace,4.010763645172119
3,677,He,4.69730806350708
3,678,pounded,9.381556510925293
3,679,his,1.4570924043655396
3,680,desk,3.7973732948303223
3,681,in,3.5279929637908936
3,682,vain,4.973877906799316
3,683,cursing,8.586477279663086
3,684,the,1.844657063484192
3,685,foul,8.54023551940918
3,686,that,6.768167495727539
3,687,drove,6.320288181304932
3,688,him,1.106415033340454
3,689,The,4.83420467376709
3,690,next,5.565299034118652
3,691,day,2.2330410480499268
3,692,Allan,3.663820266723633
3,693,sat,2.9827017784118652
3,694,on,2.6738481521606445
3,695,a,2.4042000770568848
3,696,patterned,13.567733645439148
3,697,chair,1.3740134239196777
3,698,in,2.386667490005493
3,699,a,2.3867831230163574
3,700,well,6.373420715332031
3,701,furnished,3.8041443824768066
3,702,parlor,8.102610662579536
3,703,Taking,9.280803680419922
3,704,a,1.4312858581542969
3,705,measured,8.840435981750488
3,706,sip,2.0399787425994873
3,707,of,0.6497629284858704
3,708,white,6.057909965515137
3,709,wine,0.9387414455413818
3,710,from,2.9958643913269043
3,711,his,1.3454985618591309
3,712,crystal,7.95266056060791
3,713,glass,2.3284759521484375
3,714,he,1.8639397621154785
3,715,glanced,4.250766754150391
3,716,at,1.276739239692688
3,717,his,1.0836536884307861
3,718,host,8.92834186553955
3,719,a,4.559767723083496
3,720,cultured,10.657798767089844
3,721,man,2.216862678527832
3,722,dressed,4.371480464935303
3,723,in,0.24152801930904388
3,724,a,1.1128227710723877
3,725,light,5.113346099853516
3,726,suit,2.944976329803467
3,727,of,2.918771982192993
3,728,the,4.365265846252441
3,729,current,8.220062255859375
3,730,fashion,6.4562835693359375
3,731,and,3.5270235538482666
3,732,wearing,4.657774925231934
3,733,his,3.167571544647217
3,734,pale,5.793561935424805
3,735,hair,3.260776996612549
3,736,with,4.4819746017456055
3,737,a,1.284002423286438
3,738,heavy,5.443355083465576
3,739,set,5.8405561447143555
3,740,of,0.46572786569595337
3,741,who,9.715324401855469
3,742,passed,10.384479522705078
3,743,him,3.074843168258667
3,744,a,2.101649761199951
3,745,silver,4.3935747146606445
3,746,tray,4.905613422393799
3,747,Cucumber,15.807577520608902
3,748,sandwich,8.303314208984375
3,749,Allan,8.54027271270752
3,750,took,3.3353984355926514
3,751,a,0.8406208753585815
3,752,sandwich,7.634553909301758
3,753,between,6.071234703063965
3,754,his,0.3177972137928009
3,755,fingers,2.1354622840881348
3,756,Thank,11.22686767578125
3,757,you,0.3401980698108673
3,758,Arthur,9.691512107849121
3,759,Arthur,6.833890438079834
3,760,replaced,9.51043701171875
3,761,the,0.9490838646888733
3,762,tray,3.2241504192352295
3,763,onto,6.481392860412598
3,764,the,0.7486704587936401
3,765,lacquered,11.954893893096596
3,766,cherry,8.778322219848633
3,767,table,5.335324287414551
3,768,that,4.455039978027344
3,769,stood,3.654914140701294
3,770,in,2.2413623332977295
3,771,the,1.1161938905715942
3,772,center,2.097032070159912
3,773,of,0.6428601741790771
3,774,his,2.5387721061706543
3,775,ordered,11.384881973266602
3,776,chamber,10.124906539916992
3,777,In,5.444566249847412
3,778,a,2.0861010551452637
3,779,manner,5.827670097351074
3,780,delicately,10.335632853209972
3,781,balanced,5.800111770629883
3,782,between,5.473466396331787
3,783,somber,11.324219401925802
3,784,and,1.843460202217102
3,785,he,7.943656921386719
3,786,refilled,14.237313747406006
3,787,their,6.242397308349609
3,788,glasses,3.0918705463409424
3,789,How,7.950868606567383
3,790,is,4.608260154724121
3,791,the,2.779569387435913
3,792,writing,6.042243957519531
3,793,these,6.24806022644043
3,794,days,1.6163417100906372
3,795,my,5.523283004760742
3,796,dear,2.519026756286621
3,797,Perfectly,15.528027772903442
3,798,dreadful,10.841350555419922
3,799,my,5.297071933746338
3,800,dear,3.486504554748535
3,801,Mason,10.09908676147461
3,802,Allan,5.780010223388672
3,803,I,7.328195571899414
3,804,had,3.8326261043548584
3,805,a,2.865225315093994
3,806,perfect,6.4447784423828125
3,807,story,4.442814826965332
3,808,in,3.070887804031372
3,809,my,1.4467188119888306
3,810,pages,9.731302261352539
3,811,my,4.740267753601074
3,812,hero,7.393551826477051
3,813,returned,7.49338960647583
3,814,home,0.8662177920341492
3,815,and,3.2922730445861816
3,816,reclaimed,10.022375106811523
3,817,his,1.0784552097320557
3,818,love,5.237401485443115
3,819,I,3.6334478855133057
3,820,nearly,6.9837646484375
3,821,had,4.028403282165527
3,822,it,3.3075108528137207
3,823,tied,8.13611888885498
3,824,together,4.948638439178467
3,825,before,4.377283096313477
3,826,Before,13.063837051391602
3,827,Before,13.863456726074219
3,828,that,5.123219966888428
3,829,blasted,10.402141571044922
3,830,impulse,9.671409606933594
3,831,came,4.49110221862793
3,832,over,4.5869340896606445
3,833,me,1.960457682609558
3,834,and,3.328045129776001
3,835,I,1.6029083728790283
3,836,started,5.572246551513672
3,837,writing,4.208528518676758
3,838,like,5.263754844665527
3,839,Edgar,8.615328788757324
3,840,Poe,6.581138610839844
3,841,though,7.2186126708984375
3,842,the,2.667858362197876
3,843,most,6.505321979522705
3,844,recent,4.981003761291504
3,845,was,4.808670520782471
3,846,not,3.9926249980926514
3,847,so,3.379693031311035
3,848,morbid,10.257102012634277
3,849,as,2.7157740592956543
3,850,my,3.774060010910034
3,851,many,7.066190242767334
3,852,others,6.028350830078125
3,853,thank,9.541123390197754
3,854,Heaven,7.582520961761475
3,855,face,10.549893379211426
3,856,assumed,11.234312057495117
3,857,a,1.877577304840088
3,858,long,5.75609016418457
3,859,suffering,9.675834655761719
3,860,aspect,6.394359111785889
3,861,of,2.4048452377319336
3,862,authoritative,13.16259765625
3,863,I,5.286675453186035
3,864,assume,9.181404113769531
3,865,referring,11.388291358947754
3,866,to,0.2794874608516693
3,867,your,4.589960098266602
3,868,unhealthy,11.37430191040039
3,869,for,7.084348678588867
3,870,the,2.4723424911499023
3,871,fantastic,11.35084342956543
3,872,far,8.895990371704102
3,873,from,2.893773078918457
3,874,a,3.9057700634002686
3,875,Arthur,12.464380264282227
3,876,This,6.202160835266113
3,877,is,2.055104970932007
3,878,more,5.445030212402344
3,879,like,2.799785614013672
3,880,a,1.5502821207046509
3,881,compulsion,8.426010131835938
3,882,a,4.945197105407715
3,883,beast,7.212738037109375
3,884,that,3.0403056144714355
3,885,lies,5.840778827667236
3,886,waiting,4.563820838928223
3,887,in,3.0516839027404785
3,888,the,0.801902711391449
3,889,dark,2.434941291809082
3,890,for,3.6932170391082764
3,891,the,2.0535216331481934
3,892,perfect,4.3374834060668945
3,893,moment,2.725005626678467
3,894,then,6.13911771774292
3,895,leaps,7.638952732086182
3,896,and,3.2919211387634277
3,897,takes,5.353548526763916
3,898,ahold,10.051819086074829
3,899,of,0.25405678153038025
3,900,me,2.108098030090332
3,901,screaming,8.865729331970215
3,902,out,4.161640167236328
3,903,through,5.769234657287598
3,904,my,2.26613712310791
3,905,quill,10.923225164413452
3,906,How,7.047062397003174
3,907,perfectly,9.029711723327637
3,908,awful,7.7447919845581055
3,909,stepped,12.673028945922852
3,910,lurid,15.874782800674438
3,911,suppose,12.032801628112793
3,912,aghast,12.853402331471443
3,913,legs,11.735151290893555
3,914,at,5.944907188415527
3,915,imagination,10.757749557495117
3,916,conveyed,12.01628589630127
3,917,destroyed,11.111345291137695
3,918,prodigal,12.888716042041779
3,919,watched,11.459407806396484
3,920,poe,17.674943923950195
3,921,imagination,11.60899543762207
3,922,response,10.594098091125488
3,923,paused,8.779268264770508
3,924,Arthur,8.047101974487305
3,925,at,6.248981475830078
3,926,the,1.2022130489349365
3,927,vivid,10.587947845458984
3,928,description,6.376311779022217
3,929,sure,9.750442504882812
3,930,you,4.929132461547852
3,931,know,3.1568899154663086
3,932,that,3.0677614212036133
3,933,you,3.2129921913146973
3,934,must,3.509769916534424
3,935,curb,11.33285140991211
3,936,this,2.3923587799072266
3,937,behavior,6.408858299255371
3,938,if,4.494838237762451
3,939,you,0.4266665577888489
3,940,wish,2.4928383827209473
3,941,to,0.7373313307762146
3,942,produce,7.7717485427856445
3,943,any,3.4293289184570312
3,944,writing,7.858157157897949
3,945,fit,9.524874687194824
3,946,for,0.8785321116447449
3,947,public,5.743335723876953
3,948,consumption,1.6453856229782104
3,949,romance,11.337848663330078
3,950,body,8.272494316101074
3,951,shaking,7.202165126800537
3,952,practiced,11.657320976257324
3,953,what,6.653448581695557
3,954,romance,11.466503143310547
3,955,produce,10.625060081481934
3,956,closer,10.896324157714844
3,957,now,4.890115261077881
3,958,despise,12.019063949584961
3,959,I,5.718660354614258
3,960,know,4.055608749389648
3,961,Allan,8.172465324401855
3,962,replied,7.4181976318359375
3,963,but,5.586792469024658
3,964,how,5.291599750518799
3,965,am,4.11573600769043
3,966,I,0.031222615391016006
3,967,to,1.7148993015289307
3,968,make,3.7273523807525635
3,969,my,2.9564731121063232
3,970,stories,5.103862762451172
3,971,thus,8.662193298339844
3,972,but,7.779940605163574
3,973,it,4.552248001098633
3,974,is,1.6593598127365112
3,975,my,3.4652621746063232
3,976,nemesis,11.34540937980637
3,977,confronting,10.221354484558105
3,978,me,0.7662937045097351
3,979,anew,8.860252380371094
3,980,at,5.450763702392578
3,981,every,2.665573835372925
3,982,turn,0.6617931723594666
3,983,Arthur,6.926828861236572
3,984,raised,6.942963123321533
3,985,a,2.8323862552642822
3,986,critical,8.547167778015137
3,987,brow,4.948338985443115
3,988,Perhaps,8.36483383178711
3,989,could,7.484299659729004
3,990,make,4.649961471557617
3,991,some,3.7121429443359375
3,992,headway,6.985257565975189
3,993,if,3.592622756958008
3,994,denied,9.36410903930664
3,995,your,6.42227840423584
3,996,darker,10.211328506469727
3,997,side,2.2677104473114014
3,998,the,4.634176254272461
3,999,outlet,10.753927230834961
3,1000,of,1.3542543649673462
3,1001,the,2.3925650119781494
3,1002,colorful,10.984292984008789
3,1003,metaphors,7.96871280670166
3,1004,so,5.373917102813721
3,1005,enjoy,9.225506782531738
3,1006,Every,8.826021194458008
3,1007,action,5.985045909881592
3,1008,take,6.832161903381348
3,1009,to,4.2265625
3,1010,deny,7.548791408538818
3,1011,it,3.2041163444519043
3,1012,nourishment,14.321329116821289
3,1013,will,6.609405517578125
3,1014,bring,4.798122882843018
3,1015,closer,7.828662395477295
3,1016,to,1.6070841550827026
3,1017,your,2.669992208480835
3,1018,goal,4.403940677642822
3,1019,and,3.7694411277770996
3,1020,believe,8.03690242767334
3,1021,me,1.563806414604187
3,1022,Allan,4.476086139678955
3,1023,must,7.674284934997559
3,1024,take,4.820696830749512
3,1025,every,5.361764430999756
3,1026,opportunity,1.868088960647583
3,1027,to,0.4926276206970215
3,1028,this,8.231990814208984
3,1029,uncivilized,14.557386755943298
3,1030,obsession,8.467759132385254
3,1031,if,5.742635726928711
3,1032,intend,11.658945083618164
3,1033,to,0.9456165432929993
3,1034,publish,7.157727241516113
3,1035,There,7.759627342224121
3,1036,simply,6.831068515777588
3,1037,is,1.401659607887268
3,1038,no,0.7249772548675537
3,1039,audience,7.324069976806641
3,1040,for,1.612980842590332
3,1041,fairy,7.352728843688965
3,1042,tales,0.17333348095417023
3,1043,no,5.102011680603027
3,1044,literate,9.976408928632736
3,1045,audience,3.2910094261169434
3,1046,at,4.565637588500977
3,1047,least,2.4312925338745117
3,1048,It,6.512321472167969
3,1049,is,1.0054985284805298
3,1050,true,4.252813816070557
3,1051,Allan,3.804933547973633
3,1052,admitted,6.640129089355469
3,1053,fidgeting,12.778641819953918
3,1054,with,2.0366485118865967
3,1055,his,0.7166826128959656
3,1056,would,9.721440315246582
3,1057,dream,9.011495590209961
3,1058,of,3.534719228744507
3,1059,submitting,6.776270389556885
3,1060,one,5.257242202758789
3,1061,of,1.5577962398529053
3,1062,these,3.4208574295043945
3,1063,corruptions,14.327901124954224
3,1064,of,3.0716850757598877
3,1065,literature,6.260136127471924
3,1066,to,2.7641074657440186
3,1067,any,5.9350996017456055
3,1068,publisher,4.978408336639404
3,1069,even,5.696183681488037
3,1070,tried,7.548789024353027
3,1071,rewriting,8.138344764709473
3,1072,the,1.9759453535079956
3,1073,corrupted,9.803596496582031
3,1074,sections,7.405627250671387
3,1075,but,3.8113982677459717
3,1076,once,5.109223365783691
3,1077,my,6.341113567352295
3,1078,characters,6.255221366882324
3,1079,road,12.342208862304688
3,1080,nothing,11.513583183288574
3,1081,can,3.7066640853881836
3,1082,recall,10.04998779296875
3,1083,their,4.450591087341309
3,1084,former,6.671296119689941
3,1085,life,3.218291759490967
3,1086,My,6.73021125793457
3,1087,prodigal,10.612765286117792
3,1088,ink,10.818115234375
3,1089,blooded,13.966642379760742
3,1090,children,7.701405048370361
3,1091,simply,8.207090377807617
3,1092,lose,6.774713516235352
3,1093,their,1.1901819705963135
3,1094,vitality,6.403712272644043
3,1095,when,4.415977954864502
3,1096,forced,5.712891101837158
3,1097,along,6.787446975708008
3,1098,the,2.8902337551116943
3,1099,proper,9.159485816955566
3,1100,road,3.882115602493286
3,1101,Arthur,5.780177116394043
3,1102,and,4.409167289733887
3,1103,his,1.984839916229248
3,1104,wine,9.410527229309082
3,1105,larger,11.676347732543945
3,1106,loaded,10.588486671447754
3,1107,hand,5.383311748504639
3,1108,them,8.76838493347168
3,1109,desirable,13.410158157348633
3,1110,source,9.086545944213867
3,1111,will,8.102848052978516
3,1112,see,5.471911430358887
3,1113,young,8.505380630493164
3,1114,eclipse,12.709819793701172
3,1115,If,8.36156940460205
3,1116,only,3.7278218269348145
3,1117,would,6.9663777351379395
3,1118,restrain,10.404083251953125
3,1119,this,2.5789096355438232
3,1120,morbid,6.486527919769287
3,1121,impulse,3.5172035694122314
3,1122,of,4.134958744049072
3,1123,yours,2.4841926097869873
3,1124,might,5.850929260253906
3,1125,write,6.60667610168457
3,1126,something,4.453005790710449
3,1127,really,6.891077041625977
3,1128,worth,5.1782121658325195
3,1129,reading,1.9339642524719238
3,1130,It,4.580714702606201
3,1131,appear,9.256340026855469
3,1132,in,3.966195583343506
3,1133,the,1.538298487663269
3,1134,refined,9.989309310913086
3,1135,world,4.834300994873047
3,1136,of,0.9477054476737976
3,1137,print,7.105595588684082
3,1138,like,5.5220112800598145
3,1139,a,1.8292267322540283
3,1140,surly,10.258387446403503
3,1141,foreigner,8.454469680786133
3,1142,among,7.8528547286987305
3,1143,a,2.991062641143799
3,1144,genteel,7.691110985470004
3,1145,crowd,2.5010313987731934
3,1146,Allan,5.549384593963623
3,1147,hung,7.409664154052734
3,1148,his,1.3567249774932861
3,1149,head,1.161014199256897
3,1150,holding,6.0573201179504395
3,1151,his,1.4084545373916626
3,1152,wine,3.1243631839752197
3,1153,with,4.42977237701416
3,1154,both,4.229698181152344
3,1155,hands,0.48726022243499756
3,1156,between,7.381006240844727
3,1157,his,0.5249360203742981
3,1158,knees,3.5758817195892334
3,1159,His,4.928708076477051
3,1160,hair,5.5037102699279785
3,1161,was,2.093507766723633
3,1162,slightly,6.255734920501709
3,1163,unkempt,6.6468516242166515
3,1164,after,5.605963230133057
3,1165,his,3.113649845123291
3,1166,sleepless,7.773364732041955
3,1167,night,1.845393419265747
3,1168,and,3.1624679565429688
3,1169,his,1.804438829421997
3,1170,clothing,7.043551921844482
3,1171,had,3.767383575439453
3,1172,a,2.747145175933838
3,1173,look,5.642922878265381
3,1174,as,5.09533166885376
3,1175,if,1.0300058126449585
3,1176,by,6.067554473876953
3,1177,mere,7.74247407913208
3,1178,proximity,8.000818252563477
3,1179,it,3.4520015716552734
3,1180,had,2.4234061241149902
3,1181,taken,4.887048721313477
3,1182,on,1.8844941854476929
3,1183,the,1.906280279159546
3,1184,aspect,6.887843608856201
3,1185,of,0.1156054437160492
3,1186,his,3.852332830429077
3,1187,He,9.265908241271973
3,1188,scratched,6.676651954650879
3,1189,the,2.100700855255127
3,1190,back,0.8990726470947266
3,1191,of,0.06426450610160828
3,1192,his,0.11949119716882706
3,1193,dark,7.829118728637695
3,1194,head,4.515737533569336
3,1195,and,2.5271313190460205
3,1196,blinked,6.702463150024414
3,1197,bleary,12.661337614059448
3,1198,eyes,2.0264551639556885
3,1199,would,8.216482162475586
3,1200,drive,8.239516258239746
3,1201,it,4.610727787017822
3,1202,out,2.7967686653137207
3,1203,he,3.789738178253174
3,1204,said,4.419476509094238
3,1205,softly,4.562777519226074
3,1206,but,3.7705769538879395
3,1207,fear,7.5952606201171875
3,1208,for,6.264484882354736
3,1209,what,3.948132276535034
3,1210,would,2.627356767654419
3,1211,remain,6.45708703994751
3,1212,Perhaps,8.07696533203125
3,1213,you,3.461533784866333
3,1214,require,8.795295715332031
3,1215,a,2.0048558712005615
3,1216,rest,8.07278060913086
3,1217,from,3.259742498397827
3,1218,writing,5.1591691970825195
3,1219,suggested,10.481876373291016
3,1220,Arthur,4.983839988708496
3,1221,rhythms,13.81489086151123
3,1222,did,6.426286697387695
3,1223,formation,13.844232559204102
3,1224,within,6.060951232910156
3,1225,whispered,9.216670036315918
3,1226,birch,13.598484635353088
3,1227,roots,5.4021897315979
3,1228,rising,7.851966857910156
3,1229,contemplated,12.457615852355957
3,1230,they,6.505585670471191
3,1231,You,12.634605407714844
3,1232,might,3.9682490825653076
3,1233,find,3.7662241458892822
3,1234,that,2.750930070877075
3,1235,some,4.826068878173828
3,1236,time,4.209506988525391
3,1237,in,2.4943363666534424
3,1238,an,5.398838996887207
3,1239,honest,7.532451152801514
3,1240,occupation,9.19537353515625
3,1241,would,3.833496332168579
3,1242,ground,11.375495910644531
3,1243,you,0.9189250469207764
3,1244,somewhat,6.156241416931152
3,1245,improve,10.309120178222656
3,1246,your,1.3435708284378052
3,1247,disposition,6.895626068115234
3,1248,Perhaps,4.987671375274658
3,1249,it,3.4386849403381348
3,1250,would,1.616368055343628
3,1251,Allan,18.648284912109375
3,1252,replied,4.909627914428711
3,1253,rising,9.389288902282715
3,1254,and,3.3396425247192383
3,1255,straightening,8.247744381427765
3,1256,his,0.9701046347618103
3,1257,suit,5.8220930099487305
3,1258,home,9.742480278015137
3,1259,each,8.428277015686035
3,1260,best,9.420197486877441
3,1261,woods,11.652556419372559
3,1262,glass,9.621049880981445
3,1263,authoritative,14.489032745361328
3,1264,appear,9.18703842163086
3,1265,effort,9.838075637817383
3,1266,I,4.6552734375
3,1267,shall,5.145380973815918
3,1268,consider,5.934347152709961
3,1269,it,3.1653785705566406
3,1270,in,4.022729396820068
3,1271,the,1.919763207435608
3,1272,meantime,5.157763481140137
3,1273,however,8.086325645446777
3,1274,I,2.176987409591675
3,1275,must,3.52301287651062
3,1276,be,3.39518141746521
3,1277,off,4.935028076171875
3,1278,You,7.319454193115234
3,1279,have,3.4318246841430664
3,1280,been,2.750720262527466
3,1281,a,3.511013984680176
3,1282,gracious,7.222783088684082
3,1283,host,2.8621935844421387
3,1284,as,4.904946327209473
3,1285,always,2.990285873413086
3,1286,Arthur,5.37641716003418
3,1287,rose,5.098790645599365
3,1288,and,1.3919285535812378
3,1289,shook,5.521235942840576
3,1290,his,0.8259572982788086
3,1291,hand,2.779754400253296
3,1292,So,7.934329032897949
3,1293,dear,6.732683181762695
3,1294,a,5.742143630981445
3,1295,friend,2.860992193222046
3,1296,is,5.123843669891357
3,1297,always,3.4671170711517334
3,1298,welcome,2.7857706546783447
3,1299,to,2.4547512531280518
3,1300,my,3.7613208293914795
3,1301,counsel,6.913492679595947
3,1302,and,2.8205926418304443
3,1303,my,3.7737464904785156
3,1304,home,4.960629463195801
3,1305,he,4.455170154571533
3,1306,said,1.7215133905410767
3,1307,I,4.3673787117004395
3,1308,hope,4.562992095947266
3,1309,soon,8.145101547241211
3,1310,to,3.088320732116699
3,1311,see,3.2525689601898193
3,1312,you,0.5547689199447632
3,1313,in,2.6154799461364746
3,1314,better,7.542486190795898
3,1315,sorts,9.776446342468262
3,1316,They,7.944483757019043
3,1317,parted,6.337040424346924
3,1318,and,2.144444465637207
3,1319,Allan,5.284732818603516
3,1320,made,5.349529266357422
3,1321,his,1.6289417743682861
3,1322,way,0.6118138432502747
3,1323,from,4.022773265838623
3,1324,gate,9.733195304870605
3,1325,He,5.7587175369262695
3,1326,walked,3.693578004837036
3,1327,the,3.865619421005249
3,1328,wheel,8.40652847290039
3,1329,ruts,13.740383625030518
3,1330,hands,9.568428993225098
3,1331,in,3.819220781326294
3,1332,his,2.9750969409942627
3,1333,pockets,3.0215349197387695
3,1334,and,2.3204054832458496
3,1335,shoes,6.673205375671387
3,1336,collecting,9.990345001220703
3,1337,dust,3.3735625743865967
3,1338,Some,7.447556495666504
3,1339,quarter,8.552634239196777
3,1340,mile,4.687855243682861
3,1341,from,2.944669723510742
3,1342,gate,4.639496803283691
3,1343,he,2.1027016639709473
3,1344,halted,6.131718158721924
3,1345,confronted,11.892875671386719
3,1346,by,2.3269028663635254
3,1347,Nathan,10.050430297851562
3,1348,he,3.617736339569092
3,1349,called,5.723025321960449
3,1350,out,1.5551241636276245
3,1351,to,1.984153389930725
3,1352,the,2.673383951187134
3,1353,empty,7.365566253662109
3,1354,road,3.9075469970703125
3,1355,The,4.254687309265137
3,1356,reply,8.638299942016602
3,1357,came,4.071743965148926
3,1358,from,1.9092271327972412
3,1359,above,4.5619072914123535
3,1360,him,4.419821262359619
3,1361,and,2.9097280502319336
3,1362,Allan,2.7889304161071777
3,1363,turned,4.3396406173706055
3,1364,to,1.4674798250198364
3,1365,see,1.9534695148468018
3,1366,his,3.086589813232422
3,1367,friend,2.1611487865448
3,1368,reclining,8.094534642994404
3,1369,in,1.868525743484497
3,1370,the,1.1841315031051636
3,1371,fork,9.754727363586426
3,1372,of,0.9172317385673523
3,1373,a,1.8606446981430054
3,1374,great,5.234617233276367
3,1375,tree,3.341320037841797
3,1376,I,6.0617523193359375
3,1377,had,3.4732978343963623
3,1378,a,3.171518325805664
3,1379,hunch,6.472453624010086
3,1380,you,3.6835384368896484
3,1381,lanky,15.404170036315918
3,1382,frame,7.7584662437438965
3,1383,dressed,7.491158962249756
3,1384,in,1.1864725351333618
3,1385,a,1.4471137523651123
3,1386,loose,5.622648239135742
3,1387,tan,6.859021186828613
3,1388,jacket,5.859017372131348
3,1389,fit,8.871360778808594
3,1390,into,4.411139965057373
3,1391,the,1.6605205535888672
3,1392,branch,9.293277740478516
3,1393,like,5.794210433959961
3,1394,an,2.8664028644561768
3,1395,elegant,4.943543434143066
3,1396,skeleton,8.767389297485352
3,1397,His,5.594579696655273
3,1398,hair,3.941514253616333
3,1399,fell,4.919549465179443
3,1400,loosely,6.241338729858398
3,1401,across,4.921156406402588
3,1402,a,4.526726245880127
3,1403,face,6.904045104980469
3,1404,that,3.0451362133026123
3,1405,seemed,3.1621274948120117
3,1406,always,7.357123374938965
3,1407,to,1.0090057849884033
3,1408,have,3.6930148601531982
3,1409,a,2.0540478229522705
3,1410,knowing,9.263815879821777
3,1411,smirk,3.6244051549583673
3,1412,hidden,7.695374011993408
3,1413,just,6.238834381103516
3,1414,beneath,1.813407301902771
3,1415,its,3.130916118621826
3,1416,surface,4.735146522521973
3,1417,his,4.023751258850098
3,1418,body,4.267889976501465
3,1419,with,6.245046615600586
3,1420,a,1.5802440643310547
3,1421,energy,11.074731826782227
3,1422,Allan,9.478775024414062
3,1423,unfolding,11.881085395812988
3,1424,and,3.677295446395874
3,1425,lowering,5.642725944519043
3,1426,his,0.5999661087989807
3,1427,legs,5.6908721923828125
3,1428,to,2.6537864208221436
3,1429,the,2.008268117904663
3,1430,roadside,5.754778861999512
3,1431,how,7.610697269439697
3,1432,goes,9.632781982421875
3,1433,life,6.040963172912598
3,1434,the,4.413421630859375
3,1435,quintessential,10.914299339056015
3,1436,American,5.1457438468933105
3,1437,author,7.797459125518799
3,1438,know,8.167834281921387
3,1439,replied,11.84932804107666
3,1440,Allan,4.005139350891113
3,1441,before,7.008350372314453
3,1442,continuing,5.563226699829102
3,1443,in,4.528436660766602
3,1444,another,5.885443210601807
3,1445,tone,6.338405132293701
3,1446,entirely,9.673419952392578
3,1447,destroyed,10.705465316772461
3,1448,another,7.134871482849121
3,1449,story,6.47266960144043
3,1450,last,8.008871078491211
3,1451,night,3.1674551963806152
3,1452,Leaning,10.495270252227783
3,1453,against,2.222212791442871
3,1454,his,3.4851865768432617
3,1455,tree,4.387487411499023
3,1456,shook,9.28038501739502
3,1457,his,1.658398985862732
3,1458,head,0.3498212695121765
3,1459,hard,5.655288219451904
3,1460,current,10.923402786254883
3,1461,cheeks,12.886967658996582
3,1462,understand,11.461921691894531
3,1463,You,6.186622619628906
3,1464,mean,6.36663818359375
3,1465,finished,10.344175338745117
3,1466,another,5.6457200050354
3,1467,story,1.0269150733947754
3,1468,Yes,7.598346710205078
3,1469,it,2.874999523162842
3,1470,is,1.4677826166152954
3,1471,finished,5.547819137573242
3,1472,Ended,14.808735847473145
3,1473,tears,10.528188705444336
3,1474,birch,14.680805809795856
3,1475,debauchery,18.302355766296387
3,1476,conversation,9.545438766479492
3,1477,rather,8.647671699523926
3,1478,did,6.5144524574279785
3,1479,Never,9.83452033996582
3,1480,again,3.5986130237579346
3,1481,shall,5.167550086975098
3,1482,it,3.5747554302215576
3,1483,see,5.314456462860107
3,1484,the,1.7813490629196167
3,1485,rosy,10.594663500785828
3,1486,fingered,15.100599765777588
3,1487,dawn,9.815214157104492
3,1488,Nathan,10.22985553741455
3,1489,you,5.89056396484375
3,1490,know,2.9203379154205322
3,1491,just,6.438535213470459
3,1492,as,2.5598275661468506
3,1493,well,2.1793344020843506
3,1494,as,1.4216035604476929
3,1495,I,0.8926636576652527
3,1496,that,4.324942588806152
3,1497,they,5.623327255249023
3,1498,have,3.0536530017852783
3,1499,no,4.046403408050537
3,1500,future,4.201296329498291
3,1501,no,5.152956962585449
3,1502,potential,8.90453815460205
3,1503,At,8.273853302001953
3,1504,best,4.324464797973633
3,1505,they,2.696591377258301
3,1506,tales,13.537431716918945
3,1507,at,6.3190412521362305
3,1508,worst,1.4125417470932007
3,1509,expeditions,15.696613788604736
3,1510,into,4.281673908233643
3,1511,macabre,9.218508657068014
3,1512,realms,3.6689162254333496
3,1513,no,4.9922194480896
3,1514,healthy,9.902286529541016
3,1515,mind,5.588216304779053
3,1516,need,7.0562543869018555
3,1517,ever,3.55818772315979
3,1518,see,3.638198137283325
3,1519,So,9.95301628112793
3,1520,instead,7.250054836273193
3,1521,you,2.6522321701049805
3,1522,would,4.5787739753723145
3,1523,write,4.203575134277344
3,1524,what,4.136887550354004
3,1525,Something,13.2568998336792
3,1526,something,6.137888431549072
3,1527,worth,4.761716842651367
3,1528,reading,0.573948323726654
3,1529,worth,8.06690788269043
3,1530,writing,3.821510076522827
3,1531,holding,10.226663589477539
3,1532,fidgeting,9.80052301287651
3,1533,conveyed,13.234554290771484
3,1534,glanced,11.084651947021484
3,1535,after,6.198272228240967
3,1536,sure,8.778284072875977
3,1537,rotting,12.766061782836914
3,1538,believing,12.675093650817871
3,1539,suppose,11.149123191833496
3,1540,water,10.376864433288574
3,1541,malignant,13.810038805007935
3,1542,replied,10.543540954589844
3,1543,I,4.079600811004639
3,1544,want,5.496851444244385
3,1545,to,0.897749662399292
3,1546,write,2.2198946475982666
3,1547,as,5.219919204711914
3,1548,others,7.263697147369385
3,1549,do,2.4778366088867188
3,1550,a,5.583812713623047
3,1551,tale,4.589742660522461
3,1552,set,7.493068218231201
3,1553,in,1.3148198127746582
3,1554,our,5.643762588500977
3,1555,real,5.930349349975586
3,1556,world,0.392343133687973
3,1557,characters,8.540898323059082
3,1558,who,3.9837534427642822
3,1559,might,5.019936561584473
3,1560,live,4.430406093597412
3,1561,therein,8.98038101196289
3,1562,not,5.09905481338501
3,1563,citizens,9.972670555114746
3,1564,some,7.19159460067749
3,1565,airy,10.335500478744507
3,1566,beyond,9.86937427520752
3,1567,the,1.7182267904281616
3,1568,stars,4.746289253234863
3,1569,Why,7.482138156890869
3,1570,is,3.3712880611419678
3,1571,that,3.086052656173706
3,1572,more,6.257606506347656
3,1573,desirable,5.4685492515563965
3,1574,than,1.6219199895858765
3,1575,what,4.2304368019104
3,1576,you,1.8028491735458374
3,1577,write,2.621196985244751
3,1578,today,7.395114898681641
3,1579,People,8.080958366394043
3,1580,will,4.139223575592041
3,1581,such,9.14742660522461
3,1582,stories,4.9055681228637695
3,1583,they,4.366113185882568
3,1584,are,2.638448476791382
3,1585,worth,4.698793411254883
3,1586,publishing,7.085939407348633
3,1587,If,5.104789733886719
3,1588,you,1.3530662059783936
3,1589,never,6.052586555480957
3,1590,finish,5.349640846252441
3,1591,such,4.975698471069336
3,1592,stories,1.1888577938079834
3,1593,how,5.255661964416504
3,1594,can,1.8531982898712158
3,1595,they,3.4685471057891846
3,1596,be,1.2514621019363403
3,1597,worth,2.8403329849243164
3,1598,publishing,3.0470776557922363
3,1599,That,6.322935104370117
3,1600,is,1.9476057291030884
3,1601,precisely,6.922378063201904
3,1602,why,1.4382978677749634
3,1603,I,1.408303141593933
3,1604,must,3.728085994720459
3,1605,excise,10.914287567138672
3,1606,this,2.7512710094451904
3,1607,malignant,7.520257949829102
3,1608,instinct,7.198976993560791
3,1609,Why,6.818419456481934
3,1610,do,2.8060219287872314
3,1611,you,0.9744842648506165
3,1612,write,3.1376872062683105
3,1613,Why,9.357988357543945
3,1614,to,6.25762939453125
3,1615,earn,8.49229621887207
3,1616,a,2.312072277069092
3,1617,living,0.9465042352676392
3,1618,I,3.141362428665161
3,1619,suppose,4.7982001304626465
3,1620,Why,7.685919284820557
3,1621,do,2.293964147567749
3,1622,you,0.35627391934394836
3,1623,ask,5.436609268188477
3,1624,You,8.364032745361328
3,1625,choose,7.353883743286133
3,1626,to,1.2470821142196655
3,1627,write,1.2287497520446777
3,1628,rather,5.157061576843262
3,1629,than,0.5813482403755188
3,1630,become,5.33127498626709
3,1631,a,1.050236701965332
3,1632,fisherman,7.393061637878418
3,1633,or,2.574737310409546
3,1634,a,1.1643751859664917
3,1635,carpenter,5.315907597541809
3,1636,though,7.102506637573242
3,1637,you,2.2801833152770996
3,1638,face,8.666661262512207
3,1639,such,4.69791841506958
3,1640,difficulty,5.214048385620117
3,1641,Why,4.867515563964844
3,1642,is,3.2602486610412598
3,1643,that,0.9435049295425415
3,1644,I,4.617151260375977
3,1645,suppose,2.248793125152588
3,1646,it,4.021789073944092
3,1647,is,0.8084303736686707
3,1648,because,4.247255325317383
3,1649,I,1.899134874343872
3,1650,enjoy,6.20907735824585
3,1651,my,3.5503053665161133
3,1652,craft,4.005501747131348
3,1653,I,2.804096221923828
3,1654,would,4.031331539154053
3,1655,not,3.448788642883301
3,1656,be,2.8640637397766113
3,1657,happy,4.55522346496582
3,1658,thus,9.035726547241211
3,1659,separated,10.37569808959961
3,1660,from,1.5453578233718872
3,1661,it,4.143059730529785
3,1662,So,5.928117275238037
3,1663,at,5.613204002380371
3,1664,its,5.334321975708008
3,1665,heart,2.7144458293914795
3,1666,then,6.590716361999512
3,1667,your,4.1087212562561035
3,1668,writing,4.209931373596191
3,1669,as,5.205079078674316
3,1670,opposed,5.229313850402832
3,1671,to,0.03363032639026642
3,1672,working,7.915099143981934
3,1673,otherwise,8.498650550842285
3,1674,is,4.024428367614746
3,1675,for,4.680191516876221
3,1676,yourself,4.956516265869141
3,1677,wall,11.568833351135254
3,1678,fit,9.947364807128906
3,1679,simple,8.807450294494629
3,1680,yours,9.958499908447266
3,1681,distance,9.946667671203613
3,1682,disappeared,9.513714790344238
3,1683,thank,9.173600196838379
3,1684,pander,14.799450874328613
3,1685,watched,10.302286148071289
3,1686,period,10.420572280883789
3,1687,in,4.716095924377441
3,1688,undeniable,12.264911651611328
3,1689,dubious,12.170001029968262
3,1690,longer,9.37694263458252
3,1691,publishers,13.581868171691895
3,1692,seem,6.158204555511475
3,1693,Yes,11.669731140136719
3,1694,I,2.572143077850342
3,1695,suppose,3.104327440261841
3,1696,one,5.784033298492432
3,1697,could,3.7404863834381104
3,1698,see,3.96107816696167
3,1699,it,3.1405673027038574
3,1700,thus,8.501105308532715
3,1701,But,5.282757759094238
3,1702,really,7.062405586242676
3,1703,Nathan,10.002177238464355
3,1704,your,4.217548370361328
3,1705,queer,11.014410018920898
3,1706,habits,6.960453033447266
3,1707,of,3.628872871398926
3,1708,conversation,5.892539024353027
3,1709,have,4.761611461639404
3,1710,reached,6.226600646972656
3,1711,a,1.9949979782104492
3,1712,new,3.7038230895996094
3,1713,level,0.8311053514480591
3,1714,Ignoring,11.835196852684021
3,1715,the,1.656434416770935
3,1716,statement,8.142269134521484
3,1717,Nathan,5.648069858551025
3,1718,continued,6.960777282714844
3,1719,Your,8.138734817504883
3,1720,writing,4.086336135864258
3,1721,is,2.1891674995422363
3,1722,for,2.5433809757232666
3,1723,you,2.558518886566162
3,1724,Allan,6.121358871459961
3,1725,not,6.282428741455078
3,1726,for,2.1831393241882324
3,1727,the,3.094832181930542
3,1728,publishers,7.037219047546387
3,1729,or,4.518360137939453
3,1730,some,6.294859409332275
3,1731,imagined,7.512862682342529
3,1732,audience,4.651124954223633
3,1733,am,8.097663879394531
3,1734,reclaimed,13.73096752166748
3,1735,rhythm,11.015615463256836
3,1736,corruption,12.1553955078125
3,1737,what,6.841166019439697
3,1738,see,8.119738578796387
3,1739,wait,8.495004653930664
3,1740,unhealthy,14.837610244750977
3,1741,very,8.368907928466797
3,1742,unfolding,11.521760940551758
3,1743,perhaps,6.392486095428467
3,1744,fantasy,9.793989181518555
3,1745,following,9.598478317260742
3,1746,go,8.343172073364258
3,1747,grown,11.384525299072266
3,1748,darker,7.510972023010254
3,1749,sat,8.223976135253906
3,1750,stepped,12.103647232055664
3,1751,divisions,13.032755851745605
3,1752,Since,11.027975082397461
3,1753,you,2.1916697025299072
3,1754,seem,5.38447380065918
3,1755,unable,5.50584602355957
3,1756,to,0.22566598653793335
3,1757,write,3.6028966903686523
3,1758,normally,7.990172863006592
3,1759,why,4.434470176696777
3,1760,not,2.341998338699341
3,1761,embrace,7.568670749664307
3,1762,your,2.168302536010742
3,1763,tales,8.413570404052734
3,1764,as,3.633432149887085
3,1765,they,2.59584379196167
3,1766,are,1.244830846786499
3,1767,leave,10.080214500427246
3,1768,behind,5.142474174499512
3,1769,the,2.0099871158599854
3,1770,one,6.120948791503906
3,1771,unhappiness,13.801058053970337
3,1772,in,3.9947566986083984
3,1773,the,1.5717087984085083
3,1774,art,8.206427574157715
3,1775,you,3.3509230613708496
3,1776,admit,8.565994262695312
3,1777,is,4.72357702255249
3,1778,a,2.7013614177703857
3,1779,source,5.505691051483154
3,1780,of,0.24599243700504303
3,1781,pleasure,3.7603490352630615
3,1782,Your,5.199885368347168
3,1783,stories,3.9784088134765625
3,1784,strike,8.027440071105957
3,1785,a,2.0887513160705566
3,1786,chord,1.2659915685653687
3,1787,with,1.5196224451065063
3,1788,the,1.8591251373291016
3,1789,deepest,7.329826831817627
3,1790,most,7.475365161895752
3,1791,ancient,5.772443771362305
3,1792,stories,6.191451549530029
3,1793,of,2.856884002685547
3,1794,mankind,3.688129186630249
3,1795,the,4.2342529296875
3,1796,tales,5.559329032897949
3,1797,basic,12.364486694335938
3,1798,to,3.9944379329681396
3,1799,humanity,4.430628776550293
3,1800,Tell,8.626399993896484
3,1801,them,3.6165215969085693
3,1802,and,4.383505821228027
3,1803,they,2.3888099193573
3,1804,will,1.278723120689392
3,1805,create,7.461815357208252
3,1806,an,3.57655668258667
3,1807,audience,4.863835334777832
3,1808,You,4.13765811920166
3,1809,need,5.145069599151611
3,1810,not,1.7045423984527588
3,1811,pander,8.548063322901726
3,1812,to,1.630339503288269
3,1813,what,6.40458869934082
3,1814,you,1.5657730102539062
3,1815,imagine,5.654132843017578
3,1816,their,5.286693096160889
3,1817,wants,6.5534868240356445
3,1818,are,2.4554598331451416
3,1819,speak,11.063056945800781
3,1820,and,3.7407801151275635
3,1821,they,1.7367727756500244
3,1822,shall,5.151968479156494
3,1823,listen,5.6209211349487305
3,1824,Allan,7.732112407684326
3,1825,crouched,8.93955872952938
3,1826,over,3.46185040473938
3,1827,his,1.6977119445800781
3,1828,desk,3.902331590652466
3,1829,once,7.6378865242004395
3,1830,more,0.45447221398353577
3,1831,pen,10.013708114624023
3,1832,in,2.965541124343872
3,1833,hand,0.063633032143116
3,1834,and,2.8116888999938965
3,1835,mind,8.29914665222168
3,1836,blank,5.435579299926758
3,1837,He,6.272176742553711
3,1838,contemplated,7.038187503814697
3,1839,a,3.1754209995269775
3,1840,story,4.419660568237305
3,1841,an,6.50248908996582
3,1842,outline,5.931927680969238
3,1843,he,4.0490570068359375
3,1844,had,2.1095473766326904
3,1845,laboriously,12.777229145169258
3,1846,constructed,4.117800712585449
3,1847,some,6.1348137855529785
3,1848,time,3.1053833961486816
3,1849,ago,0.2518855035305023
3,1850,could,7.086634159088135
3,1851,shall,11.053163528442383
3,1852,he,3.337743043899536
3,1853,relaxing,13.04911994934082
3,1854,confronting,12.144119262695312
3,1855,futile,11.207564353942871
3,1856,lanky,12.802124977111816
3,1857,clarified,15.817991256713867
3,1858,soon,8.923807144165039
3,1859,traveler,11.766080856323242
3,1860,milky,13.890024423599243
3,1861,if,7.452573776245117
3,1862,hidden,9.06319808959961
3,1863,ask,8.354573249816895
3,1864,design,10.283113479614258
3,1865,love,7.628961563110352
3,1866,He,7.245359420776367
3,1867,had,3.0742201805114746
3,1868,filled,7.33158016204834
3,1869,his,1.2803149223327637
3,1870,pen,4.123223304748535
3,1871,and,2.490558624267578
3,1872,raised,8.216388702392578
3,1873,it,1.1893094778060913
3,1874,the,5.1299920082092285
3,1875,descending,10.87762451171875
3,1876,towards,6.58594274520874
3,1877,the,0.8091685771942139
3,1878,paper,7.576564788818359
3,1879,before,4.835829734802246
3,1880,the,3.1904571056365967
3,1881,sound,6.472364902496338
3,1882,came,4.771157264709473
3,1883,the,3.327699899673462
3,1884,gentle,5.590978622436523
3,1885,persistent,12.384712219238281
3,1886,tapping,5.407174110412598
3,1887,the,3.509511947631836
3,1888,the,7.383289813995361
3,1889,the,6.24144172668457
3,1890,the,5.8648762702941895
3,1891,the,4.617967128753662
3,1892,the,2.9794654846191406
3,1893,the,2.0814120769500732
3,1894,the,1.503376841545105
3,1895,the,1.1602590084075928
3,1896,the,0.9420676827430725
3,1897,the,0.7945001125335693
3,1898,the,0.6822472214698792
3,1899,eye,10.889922142028809
3,1900,What,10.801385879516602
3,1901,is,2.3159193992614746
3,1902,this,2.0873782634735107
3,1903,he,4.404372215270996
3,1904,indicating,14.01180648803711
3,1905,the,2.6646575927734375
3,1906,pages,7.201261520385742
3,1907,he,3.373194456100464
3,1908,held,5.587224006652832
3,1909,in,2.765526056289673
3,1910,his,0.48742666840553284
3,1911,left,3.6154918670654297
3,1912,hand,0.03559254854917526
3,1913,I,5.338099479675293
3,1914,decided,7.654934883117676
3,1915,that,3.6329541206359863
3,1916,since,6.488222122192383
3,1917,I,1.745071530342102
3,1918,having,10.092034339904785
3,1919,much,7.370837688446045
3,1920,success,6.488919258117676
3,1921,with,1.9216009378433228
3,1922,more,6.491230487823486
3,1923,traditional,6.23528528213501
3,1924,stories,2.646573066711426
3,1925,I,1.5338594913482666
3,1926,might,3.391963481903076
3,1927,see,6.343873500823975
3,1928,what,2.911811113357544
3,1929,sort,4.501495361328125
3,1930,of,0.07614493370056152
3,1931,work,4.1353230476379395
3,1932,I,2.0738296508789062
3,1933,produced,8.365777015686035
3,1934,if,5.021609306335449
3,1935,I,1.2186723947525024
3,1936,let,5.846080303192139
3,1937,my,2.9232325553894043
3,1938,imagination,1.8440985679626465
3,1939,go,3.4756338596343994
3,1940,freely,7.765331268310547
3,1941,Allan,4.608163833618164
3,1942,replied,6.342475414276123
3,1943,somewhat,8.262754440307617
3,1944,less,5.392917156219482
3,1945,self,7.492841720581055
3,1946,assured,4.972911357879639
3,1947,than,3.4241271018981934
3,1948,he,1.9438871145248413
3,1949,had,1.1190522909164429
3,1950,been,2.324129104614258
3,1951,the,3.920474052429199
3,1952,previous,4.554047584533691
3,1953,night,1.2555679082870483
3,1954,What,5.708097457885742
3,1955,in,5.327498435974121
3,1956,name,6.337118148803711
3,1957,could,3.7772326469421387
3,1958,have,3.9562599658966064
3,1959,possessed,8.240334510803223
3,1960,you,2.474618911743164
3,1961,to,2.12162709236145
3,1962,do,2.877046585083008
3,1963,such,2.0822203159332275
3,1964,a,0.5881021022796631
3,1965,thing,0.5535224676132202
3,1966,cried,12.28449821472168
3,1967,Arthur,7.530242919921875
3,1968,nearly,7.260957717895508
3,1969,raising,6.062425136566162
3,1970,his,0.2643655836582184
3,1971,voice,2.4861228466033936
3,1972,After,8.297725677490234
3,1973,all,3.4068472385406494
3,1974,I,2.871583938598633
3,1975,said,5.286447525024414
3,1976,the,3.512143135070801
3,1977,day,6.263067245483398
3,1978,before,1.0137603282928467
3,1979,why,6.012032508850098
3,1980,have,4.6015400886535645
3,1981,you,0.7849721312522888
3,1982,abandoned,5.884033679962158
3,1983,centuries,10.228653907775879
3,1984,of,0.49895259737968445
3,1985,literary,5.5352325439453125
3,1986,progress,5.185329437255859
3,1987,for,4.332613468170166
3,1988,some,5.018062591552734
3,1989,self,6.797788619995117
3,1990,indulgent,3.3987174928188324
3,1991,fantasy,3.2774813175201416
3,1992,He,6.229073524475098
3,1993,shook,4.742684841156006
3,1994,the,3.380277156829834
3,1995,papers,5.0230560302734375
3,1996,at,5.02018928527832
3,1997,Allan,6.075910568237305
3,1998,raising,7.446743965148926
3,1999,them,4.054492473602295
3,2000,like,5.126245498657227
3,2001,a,1.220642328262329
3,2002,belt,8.58704948425293
3,2003,above,6.6589508056640625
3,2004,the,2.1364505290985107
3,2005,head,3.818063497543335
3,2006,of,2.5657262802124023
3,2007,a,0.948573648929596
3,2008,disobedient,11.029197064228356
3,2009,son,4.314283847808838
3,2010,This,6.45753288269043
3,2011,is,2.1569690704345703
3,2012,nothing,5.319090843200684
3,2013,but,2.195627212524414
3,2014,a,1.271755337715149
3,2015,glorified,8.931333094835281
3,2016,tale,3.8309526443481445
3,2017,a,4.542086601257324
3,2018,child,5.530050277709961
3,2019,of,2.6999101638793945
3,2020,a,2.784346580505371
3,2021,creation,11.169879913330078
3,2022,less,8.162178039550781
3,2023,fit,8.0397310256958
3,2024,to,1.0225883722305298
3,2025,be,2.1568329334259033
3,2026,published,5.062490463256836
3,2027,than,3.196255922317505
3,2028,to,3.2309789657592773
3,2029,be,1.3989171981811523
3,2030,told,3.8855011463165283
3,2031,around,8.277481079101562
3,2032,open,7.789509296417236
3,2033,fire,3.5445919036865234
3,2034,at,5.355472564697266
3,2035,the,1.7767744064331055
3,2036,hovel,10.46819543838501
3,2037,of,2.2275285720825195
3,2038,some,4.551882743835449
3,2039,peasant,7.401542663574219
3,2040,He,5.527997970581055
3,2041,spoke,5.281042098999023
3,2042,the,3.137146472930908
3,2043,last,3.558000087738037
3,2044,word,1.6600043773651123
3,2045,with,3.880078077316284
3,2046,such,3.9623255729675293
3,2047,heavy,7.24461555480957
3,2048,intonation,7.876178335398436
3,2049,that,1.4311078786849976
3,2050,Allan,3.8437836170196533
3,2051,shrank,7.2011594492942095
3,2052,back,1.5449321269989014
3,2053,before,4.273139953613281
3,2054,the,1.9912458658218384
3,2055,physical,8.635345458984375
3,2056,wave,8.97546672821045
3,2057,of,1.0318024158477783
3,2058,sound,7.192574501037598
3,2059,from,4.76898193359375
3,2060,throat,11.856571197509766
3,2061,Do,12.687408447265625
3,2062,you,0.8989296555519104
3,2063,hate,6.874540328979492
3,2064,the,2.3640599250793457
3,2065,modern,7.087908744812012
3,2066,system,7.316237926483154
3,2067,of,1.0147943496704102
3,2068,literature,4.753330230712891
3,2069,Do,6.748538970947266
3,2070,you,0.12954361736774445
3,2071,personally,9.249795913696289
3,2072,despise,3.6463534832000732
3,2073,the,1.2876451015472412
3,2074,works,6.370415210723877
3,2075,the,5.212179183959961
3,2076,Enlightenment,8.845559120178223
3,2077,or,4.718894004821777
3,2078,the,1.1591213941574097
3,2079,progress,6.27655029296875
3,2080,made,4.546091556549072
3,2081,since,5.8796234130859375
3,2082,Shakespeare,5.3879923820495605
3,2083,For,7.6529340744018555
3,2084,a,3.1605005264282227
3,2085,moment,2.330932378768921
3,2086,Allan,2.627070188522339
3,2087,could,4.8675007820129395
3,2088,hardly,3.5951361656188965
3,2089,do,5.452610015869141
3,2090,more,2.881984233856201
3,2091,than,0.9327306747436523
3,2092,shake,4.180782318115234
3,2093,his,0.22589245438575745
3,2094,head,0.06541627645492554
3,2095,forms,12.17996597290039
3,2096,suggested,9.18702220916748
3,2097,england,16.07688283920288
3,2098,whatever,9.05770492553711
3,2099,allowed,9.686691284179688
3,2100,yet,7.542474269866943
3,2101,branch,12.54613208770752
3,2102,filling,10.179756164550781
3,2103,disposition,10.721359252929688
3,2104,roadside,12.532674789428711
3,2105,open,7.608194351196289
3,2106,incomplete,13.017309188842773
3,2107,sigh,8.994732856750488
3,2108,No,6.074715614318848
3,2109,of,6.151536464691162
3,2110,course,3.5376136302948
3,2111,not,1.778719186782837
3,2112,I,2.598994731903076
3,2113,Then,13.393649101257324
3,2114,why,5.082352638244629
3,2115,Arthur,10.623705863952637
3,2116,on,6.697367191314697
3,2117,do,8.842973709106445
3,2118,you,1.187696933746338
3,2119,ro,10.860952377319336
3,2120,disregard,20.706905364990234
3,2121,them,5.146430969238281
3,2122,all,3.1458253860473633
3,2123,and,3.46067214012146
3,2124,return,5.6005988121032715
3,2125,to,0.9439022541046143
3,2126,this,4.798170566558838
3,2127,superstitious,10.640812158584595
3,2128,babble,9.769733026623726
3,2129,this,6.574161529541016
3,2130,morbid,9.170418739318848
3,2131,drivel,9.860466852784157
3,2132,Why,6.739023208618164
3,2133,do,1.667588233947754
3,2134,you,0.11002273112535477
3,2135,disregard,7.287057876586914
3,2136,my,3.88863468170166
3,2137,warnings,6.386661052703857
3,2138,my,6.094614028930664
3,2139,careful,8.483137130737305
3,2140,advice,5.938620567321777
3,2141,given,7.973445892333984
3,2142,in,3.816640615463257
3,2143,the,1.8718534708023071
3,2144,best,5.242972373962402
3,2145,of,2.314720630645752
3,2146,friendship,8.160408020019531
3,2147,and,2.878688335418701
3,2148,designed,10.203794479370117
3,2149,only,5.514240741729736
3,2150,to,0.7244638204574585
3,2151,save,5.378664016723633
3,2152,you,1.6382133960723877
3,2153,from,1.616305947303772
3,2154,sinking,7.795773983001709
3,2155,into,1.392353892326355
3,2156,this,3.610135316848755
3,2157,very,6.59677791595459
3,2158,type,8.266830444335938
3,2159,of,0.11510535329580307
3,2160,corruption,7.180974006652832
3,2161,this,5.473960876464844
3,2162,literary,7.843758583068848
3,2163,debauchery,8.050442099571228
3,2164,disregard,10.61080551147461
3,2165,attention,8.354022026062012
3,2166,eye,9.457006454467773
3,2167,itself,9.896122932434082
3,2168,drawer,10.985665321350098
3,2169,unfolded,11.077960968017578
3,2170,halted,10.561988830566406
3,2171,them,8.181317329406738
3,2172,civilized,13.134899139404297
3,2173,the,4.336023807525635
3,2174,unable,10.80651569366455
3,2175,words,6.080885410308838
3,2176,publishing,13.086685180664062
3,2177,raised,10.043549537658691
3,2178,last,8.00910758972168
3,2179,accommodate,14.203457832336426
3,2180,He,7.587523460388184
3,2181,glared,7.279160976409912
3,2182,at,1.0134624242782593
3,2183,Allan,3.4130005836486816
3,2184,eyes,7.206582069396973
3,2185,him,6.903923988342285
3,2186,and,4.344240188598633
3,2187,demanding,10.134066581726074
3,2188,a,2.581873655319214
3,2189,response,3.908956289291382
3,2190,Could,9.098960876464844
3,2191,you,1.1485915184020996
3,2192,write,5.575079917907715
3,2193,decent,9.831300735473633
3,2194,tales,5.593684196472168
3,2195,with,3.661203145980835
3,2196,that,4.548675060272217
3,2197,willow,13.280981063842773
3,2198,at,6.446445465087891
3,2199,your,1.2184275388717651
3,2200,window,8.086860656738281
3,2201,Allan,4.904799461364746
3,2202,cried,6.877833366394043
3,2203,out,1.2922945022583008
3,2204,at,4.759943962097168
3,2205,last,2.298252820968628
3,2206,stepping,9.19382381439209
3,2207,forward,2.606926441192627
3,2208,and,2.63183856010437
3,2209,casting,7.386719226837158
3,2210,his,1.3966461420059204
3,2211,arms,3.55253267288208
3,2212,open,5.171431541442871
3,2213,confronting,9.433797836303711
3,2214,Arthur,4.241222858428955
3,2215,with,3.8615217208862305
3,2216,this,4.71264123916626
3,2217,demanding,8.48089599609375
3,2218,pleading,7.351014614105225
3,2219,interrogation,11.443143844604492
3,2220,Its,7.886286735534668
3,2221,twigs,12.912153720855713
3,2222,rap,11.701069831848145
3,2223,constantly,9.58694076538086
3,2224,against,5.119545936584473
3,2225,the,0.8824720978736877
3,2226,wall,2.6952297687530518
3,2227,the,3.183881998062134
3,2228,wind,5.52114200592041
3,2229,always,7.793220043182373
3,2230,demanding,7.892889022827148
3,2231,my,5.125181198120117
3,2232,attention,2.761559247970581
3,2233,How,5.881808280944824
3,2234,could,2.3063387870788574
3,2235,any,4.882449150085449
3,2236,writer,3.8359642028808594
3,2237,accommodate,9.570480346679688
3,2238,the,1.8164018392562866
3,2239,edicts,10.370787143707275
3,2240,of,0.5048030614852905
3,2241,popular,7.950074195861816
3,2242,literature,4.583191871643066
3,2243,with,4.3060221672058105
3,2244,the,1.823636531829834
3,2245,very,6.043524742126465
3,2246,forces,7.845378875732422
3,2247,of,0.8160188794136047
3,2248,nature,4.519958972930908
3,2249,knocking,10.099442481994629
3,2250,upon,3.351778984069824
3,2251,his,1.9228885173797607
3,2252,door,1.391411542892456
3,2253,Arthur,5.454445838928223
3,2254,looked,4.3381452560424805
3,2255,down,2.883777618408203
3,2256,his,3.6068215370178223
3,2257,nose,2.3556535243988037
3,2258,at,2.2421200275421143
3,2259,the,0.9665306806564331
3,2260,distraught,10.232877731323242
3,2261,author,6.508052349090576
3,2262,viewing,10.781368255615234
3,2263,his,1.774547815322876
3,2264,complaint,9.543999671936035
3,2265,with,2.6832966804504395
3,2266,pure,7.690439701080322
3,2267,disdain,3.1107144355773926
3,2268,scantily,15.10765290260315
3,2269,concealed,6.19173526763916
3,2270,by,3.1895768642425537
3,2271,the,1.460499882698059
3,2272,of,8.256505966186523
3,2273,politeness,11.600118160247803
3,2274,that,4.775514602661133
3,2275,animated,8.2215576171875
3,2276,the,1.9338041543960571
3,2277,construct,9.812068939208984
3,2278,that,4.141067028045654
3,2279,was,2.9151980876922607
3,2280,Arthur,4.616633415222168
3,2281,Mason,10.77551555633545
3,2282,A,5.366946220397949
3,2283,tree,8.416898727416992
3,2284,A,7.771177291870117
3,2285,tree,3.3664448261260986
3,2286,forced,9.005409240722656
3,2287,you,6.9379777908325195
3,2288,to,0.5135403275489807
3,2289,write,3.885164499282837
3,2290,this,2.944040298461914
3,2291,my,6.358548641204834
3,2292,dear,4.257030487060547
3,2293,I,3.9302210807800293
3,2294,must,4.036684036254883
3,2295,admit,4.111144065856934
3,2296,this,3.5318408012390137
3,2297,seems,5.512579441070557
3,2298,even,6.48416805267334
3,2299,by,7.723955154418945
3,2300,your,2.900754928588867
3,2301,standards,0.6958349347114563
3,2302,even,5.332249164581299
3,2303,your,4.312674522399902
3,2304,Nathan,13.98814582824707
3,2305,might,4.870160102844238
3,2306,have,1.42527174949646
3,2307,difficulty,7.3233184814453125
3,2308,believing,4.318093299865723
3,2309,you,3.1852166652679443
3,2310,You,5.422431945800781
3,2311,know,3.7211663722991943
3,2312,what,2.503021001815796
3,2313,this,2.9541990756988525
3,2314,is,1.2559428215026855
3,2315,like,4.78023624420166
3,2316,said,8.453512191772461
3,2317,Allan,3.8106439113616943
3,2318,shaking,8.126827239990234
3,2319,his,0.49975496530532837
3,2320,head,0.054655805230140686
3,2321,Nathan,6.440019607543945
3,2322,would,5.379641532897949
3,2323,understand,4.973337173461914
3,2324,completely,7.7814788818359375
3,2325,Even,8.62888240814209
3,2326,as,2.703047513961792
3,2327,he,1.3191176652908325
3,2328,said,3.9868152141571045
3,2329,it,3.0299618244171143
3,2330,Allan,3.6413090229034424
3,2331,prayed,8.159915924072266
3,2332,that,2.5102388858795166
3,2333,his,2.786007881164551
3,2334,statement,8.308212280273438
3,2335,was,2.7637252807617188
3,2336,true,2.3920633792877197
3,2337,Very,8.01512336730957
3,2338,well,3.420168876647949
3,2339,said,4.598306179046631
3,2340,Arthur,4.671384334564209
3,2341,then,3.7868919372558594
3,2342,take,6.01539421081543
3,2343,your,1.9395930767059326
3,2344,story,5.022707462310791
3,2345,to,2.116788625717163
3,2346,that,4.679769515991211
3,2347,and,5.796609401702881
3,2348,let,3.580848455429077
3,2349,him,3.4211363792419434
3,2350,defend,7.877310752868652
3,2351,you,1.9495570659637451
3,2352,when,5.849733352661133
3,2353,no,5.323554515838623
3,2354,civilized,9.993819236755371
3,2355,publisher,7.1976423263549805
3,2356,will,3.0274875164031982
3,2357,approach,6.778905868530273
3,2358,you,1.2786803245544434
3,2359,If,5.895481109619141
3,2360,you,0.9693059325218201
3,2361,insist,5.166044235229492
3,2362,on,0.9247533082962036
3,2363,abandoning,6.855671405792236
3,2364,me,5.1496262550354
3,2365,I,2.429250478744507
3,2366,shall,2.4244556427001953
3,2367,not,2.7631170749664307
3,2368,hold,4.985500812530518
3,2369,you,0.7408540844917297
3,2370,With,12.830116271972656
3,2371,that,3.2635951042175293
3,2372,he,5.003256797790527
3,2373,tossed,7.539741516113281
3,2374,the,1.5636131763458252
3,2375,papers,3.6056571006774902
3,2376,at,2.2149760723114014
3,2377,Allan,2.401770830154419
3,2378,and,2.5681111812591553
3,2379,left,4.777875900268555
3,2380,the,1.9474034309387207
3,2381,room,1.041072964668274
3,2382,found,8.553686141967773
3,2383,together,8.988814353942871
3,2384,logs,12.79233169555664
3,2385,liked,12.804191589355469
3,2386,ask,12.021224021911621
3,2387,felt,7.921704292297363
3,2388,descending,11.168431282043457
3,2389,originality,18.62279224395752
3,2390,embrace,9.353901863098145
3,2391,seemed,8.837211608886719
3,2392,pages,10.876561164855957
3,2393,agony,12.144341468811035
3,2394,distraught,10.999611854553223
3,2395,stepping,10.613317489624023
3,2396,bonfire,14.48722505569458
3,2397,living,9.30739688873291
3,2398,Stunned,14.579279512166977
3,2399,Allan,7.598708152770996
3,2400,slowly,5.591135025024414
3,2401,gathered,6.201982498168945
3,2402,up,2.1885738372802734
3,2403,the,1.1379133462905884
3,2404,pages,3.0021095275878906
3,2405,and,1.968990445137024
3,2406,placed,4.272192001342773
3,2407,them,0.23785781860351562
3,2408,in,1.341122031211853
3,2409,order,5.327617645263672
3,2410,He,4.271826267242432
3,2411,then,4.111525535583496
3,2412,turned,3.33146595954895
3,2413,and,2.2333908081054688
3,2414,left,3.2248096466064453
3,2415,through,4.936781883239746
3,2416,the,0.4263608753681183
3,2417,door,1.4145427942276
3,2418,opposite,7.50395393371582
3,2419,that,5.134210586547852
3,2420,Arthur,4.361338138580322
3,2421,had,3.310643196105957
3,2422,taken,4.402369976043701
3,2423,making,9.37928295135498
3,2424,his,2.86936092376709
3,2425,way,1.001625418663025
3,2426,past,4.27748441696167
3,2427,his,3.616006851196289
3,2428,doorman,10.553851008415222
3,2429,without,6.677218437194824
3,2430,assistance,6.684209823608398
3,2431,and,3.464689254760742
3,2432,setting,7.547163963317871
3,2433,off,2.3996622562408447
3,2434,on,3.197674512863159
3,2435,foot,3.2064051628112793
3,2436,towards,4.4011054039001465
3,2437,Nathan,8.216057777404785
3,2438,read,10.570372581481934
3,2439,the,1.9275939464569092
3,2440,package,10.41720199584961
3,2441,of,2.8597779273986816
3,2442,words,4.5522565841674805
3,2443,in,3.6448769569396973
3,2444,silence,4.9489946365356445
3,2445,his,4.426348686218262
3,2446,only,5.07779598236084
3,2447,motions,11.006850242614746
3,2448,the,4.787323474884033
3,2449,steady,7.829948425292969
3,2450,progress,7.644504547119141
3,2451,of,0.9232050180435181
3,2452,his,2.0973992347717285
3,2453,eyes,6.056588649749756
3,2454,and,3.772550344467163
3,2455,occasional,9.615752220153809
3,2456,replacement,11.9288330078125
3,2457,of,1.1795414686203003
3,2458,pages,6.896682262420654
3,2459,Allan,4.580158233642578
3,2460,sat,4.42348575592041
3,2461,across,5.3768439292907715
3,2462,from,0.31477853655815125
3,2463,him,1.4354687929153442
3,2464,in,3.407529592514038
3,2465,a,2.197072982788086
3,2466,chair,3.0689682960510254
3,2467,Nathan,6.671226501464844
3,2468,had,2.9535303115844727
3,2469,probably,7.383754730224609
3,2470,upholstered,15.60714706062572
3,2471,himself,4.101631164550781
3,2472,a,3.0238213539123535
3,2473,patchwork,12.04938268661499
3,2474,design,7.2789788246154785
3,2475,of,3.2531228065490723
3,2476,fabric,6.6283698081970215
3,2477,containing,7.484452247619629
3,2478,easily,9.925960540771484
3,2479,more,6.646125793457031
3,2480,stuffing,10.981226921081543
3,2481,than,1.5924562215805054
3,2482,any,3.9459633827209473
3,2483,other,1.895324945449829
3,2484,furniture,7.3142547607421875
3,2485,item,7.703761100769043
3,2486,of,3.9948952198028564
3,2487,the,1.7718807458877563
3,2488,period,6.480098724365234
3,2489,At,7.428308963775635
3,2490,long,5.497527122497559
3,2491,last,0.013673335313796997
3,2492,Nathan,2.7994210720062256
3,2493,reached,4.3537397384643555
3,2494,the,1.06087064743042
3,2495,end,2.811403274536133
3,2496,and,4.13930082321167
3,2497,set,4.986911773681641
3,2498,down,2.189422369003296
3,2499,his,1.4651155471801758
3,2500,reading,6.361293315887451
3,2501,on,4.657803535461426
3,2502,the,0.6711578369140625
3,2503,table,1.6537750959396362
3,2504,between,6.107309341430664
3,2505,them,1.7837475538253784
3,2506,Allan,3.6705048084259033
3,2507,leaned,4.22675895690918
3,2508,forward,2.1147260665893555
3,2509,unconsciously,9.068288803100586
3,2510,unhappiness,16.062646865844727
3,2511,way,10.818292617797852
3,2512,days,9.903204917907715
3,2513,must,7.444923400878906
3,2514,can,9.485321998596191
3,2515,at,8.145833015441895
3,2516,interrogation,15.148093223571777
3,2517,imagine,8.947003364562988
3,2518,imagined,7.849973678588867
3,2519,encouragement,11.089622497558594
3,2520,lines,7.9741716384887695
3,2521,delicately,10.593101620674133
3,2522,characters,9.871472358703613
3,2523,abandoning,11.43924331665039
3,2524,outline,8.526548385620117
3,2525,this,5.994589328765869
3,2526,the,5.116827011108398
3,2527,best,6.426434516906738
3,2528,story,5.380197525024414
3,2529,ever,2.732072353363037
3,2530,written,2.433295488357544
3,2531,Allan,3.7101833820343018
3,2532,exhaled,7.250791892409325
3,2533,and,3.228116750717163
3,2534,leaned,4.436529159545898
3,2535,back,1.0254926681518555
3,2536,into,4.502432823181152
3,2537,the,0.784578800201416
3,2538,chair,0.6547772884368896
3,2539,his,4.289837837219238
3,2540,face,4.652324199676514
3,2541,relaxing,8.461688041687012
3,2542,in,3.072331190109253
3,2543,imitation,8.78706169128418
3,2544,of,0.7817458510398865
3,2545,his,1.8968324661254883
3,2546,thoughts,5.383632659912109
3,2547,So,7.500584602355957
3,2548,he,3.5155959129333496
3,2549,asked,5.378620147705078
3,2550,you,5.405706405639648
3,2551,think,8.882440567016602
3,2552,a,4.688995838165283
3,2553,waste,10.757686614990234
3,2554,of,0.7564987540245056
3,2555,ink,6.952950954437256
3,2556,and,2.8213999271392822
3,2557,paper,3.4917948246002197
3,2558,a,4.780930519104004
3,2559,futile,6.543932914733887
3,2560,expedition,7.113903999328613
3,2561,into,3.605682849884033
3,2562,or,9.226483345031738
3,2563,literary,8.942142486572266
3,2564,debauchery,5.936762830242515
3,2565,Heavens,14.587979316711426
3,2566,no,4.840398788452148
3,2567,said,9.00006103515625
3,2568,Nathan,4.750162124633789
3,2569,aghast,12.349537095054984
3,2570,This,7.76348876953125
3,2571,is,1.3986352682113647
3,2572,one,5.157966613769531
3,2573,of,0.7457289099693298
3,2574,the,0.6907644271850586
3,2575,strongest,6.051693439483643
3,2576,works,5.122523307800293
3,2577,read,8.802449226379395
3,2578,in,2.3702430725097656
3,2579,ages,5.584665298461914
3,2580,It,4.747279167175293
3,2581,speaks,6.1912760734558105
3,2582,to,2.2292723655700684
3,2583,the,1.4060813188552856
3,2584,deepest,4.214606285095215
3,2585,instinct,8.708840370178223
3,2586,within,5.3281097412109375
3,2587,us,3.346843957901001
3,2588,all,2.5712451934814453
3,2589,yet,6.089604377746582
3,2590,is,3.837315797805786
3,2591,entirely,6.856660842895508
3,2592,original,6.040915489196777
3,2593,My,6.331273555755615
3,2594,dear,3.615492820739746
3,2595,friend,4.689424991607666
3,2596,you,2.5356714725494385
3,2597,have,2.333771228790283
3,2598,done,3.580779790878296
3,2599,it,3.46880841255188
3,2600,Oh,8.22118091583252
3,2601,they,6.790743827819824
3,2602,may,4.948172092437744
3,2603,rail,10.925166130065918
3,2604,against,1.443176031112671
3,2605,you,1.1181719303131104
3,2606,at,4.334350109100342
3,2607,first,2.378851890563965
3,2608,they,3.3284387588500977
3,2609,may,0.8275272250175476
3,2610,you,7.298802375793457
3,2611,as,6.0012664794921875
3,2612,a,2.80721378326416
3,2613,heathen,9.481389626860619
3,2614,or,3.790593147277832
3,2615,a,1.4935775995254517
3,2616,literary,7.405254364013672
3,2617,savage,6.21849250793457
3,2618,but,1.9875786304473877
3,2619,while,6.814738750457764
3,2620,those,5.357186317443848
3,2621,in,4.56934928894043
3,2622,power,0.9912229776382446
3,2623,say,5.352237224578857
3,2624,such,5.133718013763428
3,2625,things,0.705644965171814
3,2626,others,7.078089237213135
3,2627,will,2.6561763286590576
3,2628,read,4.7202653884887695
3,2629,your,3.489090919494629
3,2630,ur,10.65980052947998
3,2631,tales,10.158123016357422
3,2632,and,2.177274703979492
3,2633,see,4.652021408081055
3,2634,their,3.032700538635254
3,2635,true,4.647795677185059
3,2636,worth,4.501072883605957
3,2637,Believe,8.709968566894531
3,2638,me,1.0978896617889404
3,2639,when,3.1488983631134033
3,2640,I,0.6024799346923828
3,2641,say,0.4030267000198364
3,2642,that,2.8476500511169434
3,2643,you,2.1941373348236084
3,2644,will,2.744008779525757
3,2645,be,2.34538197517395
3,2646,read,4.376251220703125
3,2647,a,3.7535176277160645
3,2648,century,5.311452865600586
3,2649,from,2.74117112159729
3,2650,now,0.02404632419347763
3,2651,Allan,4.193750381469727
3,2652,though,8.239119529724121
3,2653,dubious,10.237815856933594
3,2654,as,3.3815536499023438
3,2655,to,1.310550332069397
3,2656,that,5.13582706451416
3,2657,possibility,7.015514373779297
3,2658,felt,6.479694366455078
3,2659,some,5.48602294921875
3,2660,temptation,6.9626145362854
3,2661,from,4.584517955780029
3,2662,the,1.2818281650543213
3,2663,compliment,10.385435104370117
3,2664,mainly,11.835115432739258
3,2665,it,3.651630401611328
3,2666,granted,9.133336067199707
3,2667,him,1.4175679683685303
3,2668,the,2.0388951301574707
3,2669,encouragement,7.395576477050781
3,2670,he,2.9346518516540527
3,2671,still,6.507028579711914
3,2672,needed,3.8313233852386475
3,2673,touched,10.305805206298828
3,2674,wind,9.225894927978516
3,2675,silence,8.994370460510254
3,2676,dancing,9.647851943969727
3,2677,descending,10.455159187316895
3,2678,habits,11.530512809753418
3,2679,replied,10.755934715270996
3,2680,gust,12.419563293457031
3,2681,together,9.781999588012695
3,2682,strike,9.079483032226562
3,2683,died,9.453950881958008
3,2684,blasted,11.179930686950684
3,2685,nose,9.192380905151367
3,2686,Nathan,12.0155668258667
3,2687,promised,9.4908447265625
3,2688,to,1.7036927938461304
3,2689,show,5.362853050231934
3,2690,the,3.587761163711548
3,2691,story,4.921468734741211
3,2692,to,1.190555214881897
3,2693,a,3.8638525009155273
3,2694,printer,8.231940269470215
3,2695,he,2.9361376762390137
3,2696,knew,3.631063222885132
3,2697,and,4.579070091247559
3,2698,Allan,5.916297912597656
3,2699,left,6.438040256500244
3,2700,it,4.342843055725098
3,2701,with,3.540086507797241
3,2702,him,2.659804582595825
3,2703,then,4.953970432281494
3,2704,walked,4.047153472900391
3,2705,home,4.969996452331543
3,2706,under,6.361920356750488
3,2707,the,0.8848051428794861
3,2708,spreading,9.961323738098145
3,2709,maples,12.234370470046997
3,2710,with,4.902665138244629
3,2711,a,1.8663678169250488
3,2712,smile,3.671114921569824
3,2713,lingering,6.951089859008789
3,2714,on,2.2981388568878174
3,2715,his,0.46704787015914917
3,2716,face,0.6859862804412842
3,2717,He,4.478055953979492
3,2718,felt,4.532751083374023
3,2719,now,6.539767265319824
3,2720,that,1.8457262516021729
3,2721,perhaps,5.215721130371094
3,2722,Nathan,4.887531280517578
3,2723,was,1.7535821199417114
3,2724,right,1.9079431295394897
3,2725,although,7.309006690979004
3,2726,the,3.3897452354431152
3,2727,man,5.076979637145996
3,2728,was,2.237269401550293
3,2729,somewhat,5.489686012268066
3,2730,peculiar,7.388637542724609
3,2731,he,1.844149112701416
3,2732,had,2.1354236602783203
3,2733,both,7.457193374633789
3,2734,an,3.9161875247955322
3,2735,honesty,7.873907089233398
3,2736,and,0.6218557953834534
3,2737,a,0.7369219064712524
3,2738,certain,5.272942543029785
3,2739,propensity,8.049886703491211
3,2740,for,0.6375640034675598
3,2741,insight,7.679572105407715
3,2742,Certainly,10.40861988067627
3,2743,it,3.225268840789795
3,2744,was,1.1721194982528687
3,2745,undeniable,7.595816612243652
3,2746,that,1.0560985803604126
3,2747,the,2.161390781402588
3,2748,stories,4.511836051940918
3,2749,had,4.018868446350098
3,2750,an,4.122979164123535
3,2751,originality,5.233962595462799
3,2752,to,2.3730874061584473
3,2753,them,0.13686177134513855
3,2754,His,5.7353196144104
3,2755,strangest,11.297942638397217
3,2756,fruit,10.534692764282227
3,2757,had,4.180935859680176
3,2758,last,8.33244514465332
3,2759,and,6.292954444885254
3,2760,he,3.244896650314331
3,2761,found,4.0890116691589355
3,2762,the,2.731717586517334
3,2763,taste,6.820184707641602
3,2764,less,6.430034637451172
3,2765,bitter,3.1768932342529297
3,2766,than,1.2060573101043701
3,2767,expected,6.169093608856201
3,2768,These,9.083755493164062
3,2769,thoughts,4.867179870605469
3,2770,and,3.595245122909546
3,2771,others,6.424912452697754
3,2772,like,4.350017070770264
3,2773,them,0.21816366910934448
3,2774,filled,6.8325090408325195
3,2775,his,0.9425130486488342
3,2776,head,2.6446542739868164
3,2777,as,3.483849048614502
3,2778,he,0.7669646143913269
3,2779,walked,4.053577423095703
3,2780,the,3.511922597885132
3,2781,long,4.758909225463867
3,2782,road,2.7079031467437744
3,2783,home,3.003030776977539
3,2784,jacket,15.216056823730469
3,2785,loaded,9.120433807373047
3,2786,his,4.492804050445557
3,2787,thank,10.351137161254883
3,2788,his,8.116101264953613
3,2789,less,9.288019180297852
3,2790,ink,10.217254638671875
3,2791,filtered,9.597723960876465
3,2792,dream,7.822997093200684
3,2793,smooth,9.672139167785645
3,2794,your,7.925921440124512
3,2795,fear,7.989283561706543
3,2796,snapped,10.749595642089844
3,2797,shake,12.118494033813477
3,2798,It,7.618908882141113
3,2799,was,1.3890690803527832
3,2800,evening,6.0591864585876465
3,2801,and,1.7941749095916748
3,2802,the,2.0437827110290527
3,2803,sky,4.057521820068359
3,2804,burned,6.653589248657227
3,2805,orange,5.486379623413086
3,2806,in,3.7561213970184326
3,2807,the,0.6218788623809814
3,2808,west,4.7203521728515625
3,2809,when,5.289482116699219
3,2810,he,1.7789226770401
3,2811,home,8.783016204833984
3,2812,at,4.197210788726807
3,2813,last,0.7990846037864685
3,2814,careful,10.961670875549316
3,2815,slipping,8.589151382446289
3,2816,called,8.971724510192871
3,2817,one,6.595324516296387
3,2818,stuffing,14.3170166015625
3,2819,towards,8.486689567565918
3,2820,well,9.537887573242188
3,2821,stump,13.113367080688477
3,2822,Passionate,17.90506148338318
3,2823,fiery,12.027894020080566
3,2824,colors,8.568233489990234
3,2825,filled,4.731326103210449
3,2826,the,1.5840133428573608
3,2827,western,9.255939483642578
3,2828,sky,1.2355660200119019
3,2829,before,4.846782684326172
3,2830,him,3.9118428230285645
3,2831,though,6.846836090087891
3,2832,the,2.3842313289642334
3,2833,sun,2.8827970027923584
3,2834,itself,6.235004425048828
3,2835,had,3.025014877319336
3,2836,reached,6.042162895202637
3,2837,the,1.4888460636138916
3,2838,trees,6.853076457977295
3,2839,and,2.828606605529785
3,2840,a,4.185326099395752
3,2841,few,3.9848928451538086
3,2842,dark,6.063878536224365
3,2843,clouds,1.909019112586975
3,2844,circled,6.920601844787598
3,2845,overhead,3.8534417152404785
3,2846,As,4.949870586395264
3,2847,Allan,4.020211219787598
3,2848,drew,5.521014213562012
3,2849,closer,2.2135331630706787
3,2850,he,1.9773141145706177
3,2851,distinguished,12.037447929382324
3,2852,a,3.332073211669922
3,2853,new,5.360811710357666
3,2854,cloud,8.074726104736328
3,2855,a,4.969865798950195
3,2856,pillar,8.757905960083008
3,2857,rising,4.7100725173950195
3,2858,directly,6.816760063171387
3,2859,ahead,4.905765533447266
3,2860,a,4.51620626449585
3,2861,road,7.689763069152832
3,2862,of,4.072474479675293
3,2863,smoke,6.336333274841309
3,2864,ascended,8.44175910949707
3,2865,in,3.708071708679199
3,2866,the,1.2834420204162598
3,2867,west,2.659367084503174
3,2868,its,6.276383399963379
3,2869,source,6.687179088592529
3,2870,hidden,7.229840278625488
3,2871,by,2.143887758255005
3,2872,the,1.4170196056365967
3,2873,very,6.262939929962158
3,2874,that,8.604049682617188
3,2875,concealed,8.748861312866211
3,2876,his,4.655764102935791
3,2877,house,4.556539535522461
3,2878,from,4.871925354003906
3,2879,the,0.8548259139060974
3,2880,traveler,10.082618713378906
3,2881,until,6.7722883224487305
3,2882,one,5.335091590881348
3,2883,had,4.393838882446289
3,2884,nearly,6.717419624328613
3,2885,reached,1.4563552141189575
3,2886,its,3.0799152851104736
3,2887,door,7.862994194030762
3,2888,thoughts,10.33104133605957
3,2889,fled,7.9953203201293945
3,2890,as,4.24243688583374
3,2891,one,4.754100799560547
3,2892,scattering,11.368340492248535
3,2893,on,4.653575897216797
3,2894,the,0.6397271156311035
3,2895,breeze,6.007015228271484
3,2896,that,4.355189323425293
3,2897,scattered,7.904143333435059
3,2898,the,2.9445228576660156
3,2899,warning,7.9371209144592285
3,2900,He,6.724705696105957
3,2901,ran,5.144435882568359
3,2902,the,3.340048313140869
3,2903,last,4.0339765548706055
3,2904,distance,5.831359386444092
3,2905,crested,14.704585075378418
3,2906,the,0.7961335182189941
3,2907,hill,2.7848639488220215
3,2908,puffing,11.187156930565834
3,2909,to,4.930877685546875
3,2910,reveal,5.507806777954102
3,2911,Arthur,8.122190475463867
3,2912,below,8.518903732299805
3,2913,walking,6.791718006134033
3,2914,to,3.3642418384552
3,2915,the,1.019673228263855
3,2916,carriage,7.977024078369141
3,2917,parked,7.319568157196045
3,2918,before,5.858871936798096
3,2919,house,8.748285293579102
3,2920,as,4.812922954559326
3,2921,two,5.600736618041992
3,2922,laborers,10.264102935791016
3,2923,wrapped,7.565373420715332
3,2924,a,2.334437370300293
3,2925,great,7.198629379272461
3,2926,saw,7.771385192871094
3,2927,in,2.5902554988861084
3,2928,and,6.45759391784668
3,2929,loaded,6.620474815368652
3,2930,it,0.8048045039176941
3,2931,onto,3.304879665374756
3,2932,the,1.0030721426010132
3,2933,roof,5.386292457580566
3,2934,Arthur,4.805788516998291
3,2935,paused,6.312082767486572
3,2936,in,2.8668408393859863
3,2937,the,1.3294297456741333
3,2938,door,6.046400547027588
3,2939,looking,5.018955230712891
3,2940,up,2.0274505615234375
3,2941,at,1.3112930059432983
3,2942,Allan,3.615664005279541
3,2943,for,5.065380096435547
3,2944,a,0.4768461287021637
3,2945,moment,0.42414480447769165
3,2946,then,2.966196060180664
3,2947,he,2.6115458011627197
3,2948,turned,2.4984469413757324
3,2949,and,1.076399803161621
3,2950,shut,6.693558216094971
3,2951,the,0.1869324892759323
3,2952,door,0.22444990277290344
3,2953,behind,2.765436887741089
3,2954,him,0.09548130631446838
3,2955,The,4.390020370483398
3,2956,driver,5.6278395652771
3,2957,snapped,8.875160217285156
3,2958,the,1.7263343334197998
3,2959,reins,5.476391315460205
3,2960,and,1.6790646314620972
3,2961,set,5.549687385559082
3,2962,the,1.5460553169250488
3,2963,horses,5.446562767028809
3,2964,on,1.6435753107070923
3,2965,As,11.951591491699219
3,2966,they,2.8451449871063232
3,2967,forth,11.940221786499023
3,2968,eyes,12.304222106933594
3,2969,remained,6.651285171508789
3,2970,trapped,7.325613021850586
3,2971,by,3.023622512817383
3,2972,the,0.7661041021347046
3,2973,carriage,5.904912948608398
3,2974,following,7.071704387664795
3,2975,it,4.418774604797363
3,2976,up,4.349762916564941
3,2977,the,1.1513291597366333
3,2978,and,7.740757465362549
3,2979,past,6.08648681640625
3,2980,himself,8.99372386932373
3,2981,balanced,11.450060844421387
3,2982,past,8.508162498474121
3,2983,skin,11.685407638549805
3,2984,ever,8.139225006103516
3,2985,papers,13.875445365905762
3,2986,people,9.525144577026367
3,2987,im,10.16849136352539
3,2988,love,9.88451862335205
3,2989,smooth,10.496357917785645
3,2990,read,9.31913948059082
3,2991,nights,9.824872970581055
3,2992,stumbled,10.140602111816406
3,2993,drawn,9.09239673614502
3,2994,falling,9.023012161254883
3,2995,The,6.971597671508789
3,2996,heavy,6.491023063659668
3,2997,curtains,5.655755043029785
3,2998,had,4.447406768798828
3,2999,been,1.8126713037490845
3,3000,drawn,2.2622625827789307
3,3001,across,4.57759952545166
3,3002,its,6.058374404907227
3,3003,windows,3.8862156867980957
3,3004,He,5.705230712890625
3,3005,watched,4.886468887329102
3,3006,as,1.5841615200042725
3,3007,the,1.0074414014816284
3,3008,carriage,2.342470407485962
3,3009,drew,4.758551597595215
3,3010,still,7.2607574462890625
3,3011,more,2.3721330165863037
3,3012,distant,5.1278486251831055
3,3013,the,3.221202850341797
3,3014,horses,5.4192304611206055
3,3015,hooves,10.792812824249268
3,3016,still,4.99143123626709
3,3017,kicking,8.119091987609863
3,3018,up,3.330587148666382
3,3019,dust,2.2921218872070312
3,3020,along,5.6562066078186035
3,3021,the,0.36686137318611145
3,3022,roadway,7.0181660652160645
3,3023,When,6.867465972900391
3,3024,they,2.652855396270752
3,3025,had,3.141676187515259
3,3026,gone,3.58931827545166
3,3027,he,3.2877585887908936
3,3028,remained,7.588442802429199
3,3029,stunned,6.097192764282227
3,3030,until,6.145001411437988
3,3031,the,1.7841079235076904
3,3032,scent,7.3560380935668945
3,3033,of,0.2674155533313751
3,3034,recalled,13.163768768310547
3,3035,him,7.688342094421387
3,3036,to,4.473811626434326
3,3037,himself,3.646354913711548
3,3038,He,3.766484498977661
3,3039,turned,3.6169166564941406
3,3040,to,1.659725308418274
3,3041,regard,8.774054527282715
3,3042,the,0.6875496506690979
3,3043,pillar,8.700820922851562
3,3044,still,4.948823928833008
3,3045,rising,4.134696960449219
3,3046,behind,2.8364992141723633
3,3047,his,2.4966864585876465
3,3048,house,0.9047785401344299
3,3049,and,2.2973601818084717
3,3050,ran,5.960824966430664
3,3051,to,2.108752727508545
3,3052,see,3.827150821685791
3,3053,what,2.104581832885742
3,3054,had,2.1815593242645264
3,3055,been,2.1985526084899902
3,3056,done,2.431894063949585
3,3057,Rounding,14.715940475463867
3,3058,the,0.7955024838447571
3,3059,corner,3.583158016204834
3,3060,he,1.9106385707855225
3,3061,saw,1.514924168586731
3,3062,a,1.6265826225280762
3,3063,great,5.136834144592285
3,3064,bonfire,9.092836797237396
3,3065,A,7.899221420288086
3,3066,mass,7.2597761154174805
3,3067,of,0.2447991520166397
3,3068,flaming,5.931962013244629
3,3069,wood,4.264333724975586
3,3070,stood,4.44471549987793
3,3071,before,2.2206811904907227
3,3072,him,0.706966757774353
3,3073,heat,10.656183242797852
3,3074,him,8.725414276123047
3,3075,and,3.671675443649292
3,3076,sparks,5.863603591918945
3,3077,flying,4.7300591468811035
3,3078,too,8.092519760131836
3,3079,close,3.9330387115478516
3,3080,to,0.8015198111534119
3,3081,his,2.119317054748535
3,3082,house,4.373773097991943
3,3083,It,5.00555419921875
3,3084,was,1.000430703163147
3,3085,a,2.2826576232910156
3,3086,moment,5.358547210693359
3,3087,before,2.3312110900878906
3,3088,he,0.8976029753684998
3,3089,realized,3.5977747440338135
3,3090,what,1.4975241422653198
3,3091,else,8.75903034210205
3,3092,had,1.5514845848083496
3,3093,changed,6.048368453979492
3,3094,near,10.068036079406738
3,3095,the,0.6819893717765808
3,3096,wall,5.457050800323486
3,3097,beneath,6.191687107086182
3,3098,his,0.7446142435073853
3,3099,window,4.242987632751465
3,3100,was,4.915327072143555
3,3101,a,1.728735327720642
3,3102,stump,9.270813941955566
3,3103,with,3.992155075073242
3,3104,black,4.989018440246582
3,3105,and,3.1425857543945312
3,3106,ancient,8.169404983520508
3,3107,bark,4.896785736083984
3,3108,looked,8.004898071289062
3,3109,contemplated,16.705976486206055
3,3110,afraid,10.3373384475708
3,3111,wall,10.052824020385742
3,3112,slope,10.409466743469238
3,3113,viewing,12.962896347045898
3,3114,happy,11.053617477416992
3,3115,rest,8.186809539794922
3,3116,into,7.76309871673584
3,3117,low,7.991072177886963
3,3118,scratching,11.948326110839844
3,3119,away,5.354457855224609
3,3120,asked,10.677885055541992
3,3121,forces,11.143237113952637
3,3122,holding,7.202539443969727
3,3123,rapping,15.29978084564209
3,3124,most,8.93735122680664
3,3125,gathered,9.174224853515625
3,3126,In,6.633546352386475
3,3127,a,2.3668313026428223
3,3128,thoughtless,14.144800186157227
3,3129,panic,5.223005294799805
3,3130,Allan,4.247723579406738
3,3131,flew,7.0132012367248535
3,3132,to,1.9363882541656494
3,3133,the,0.9124850034713745
3,3134,stream,9.73904800415039
3,3135,that,3.7131078243255615
3,3136,ran,2.1697843074798584
3,3137,by,4.554065227508545
3,3138,his,1.1740354299545288
3,3139,house,0.7619351744651794
3,3140,and,2.0834720134735107
3,3141,began,5.331295013427734
3,3142,frantically,6.211352348327637
3,3143,throwing,6.219393730163574
3,3144,handfuls,8.02567994594574
3,3145,of,0.19164881110191345
3,3146,water,3.762939929962158
3,3147,onto,4.108066558837891
3,3148,the,0.5158774852752686
3,3149,His,13.477127075195312
3,3150,thoughts,5.986828804016113
3,3151,were,2.6278939247131348
3,3152,not,4.88658332824707
3,3153,of,4.639782905578613
3,3154,the,1.7285815477371216
3,3155,futility,9.748396068811417
3,3156,nor,4.812859535217285
3,3157,even,5.340630531311035
3,3158,of,0.7798313498497009
3,3159,the,0.5642825961112976
3,3160,nights,10.123249053955078
3,3161,spent,5.407651424407959
3,3162,tormented,9.77730217576027
3,3163,by,1.3848934173583984
3,3164,the,1.1645053625106812
3,3165,twisted,8.750330924987793
3,3166,thing,7.255188941955566
3,3167,instead,8.474760055541992
3,3168,all,5.936408042907715
3,3169,that,3.325914144515991
3,3170,filled,6.955224990844727
3,3171,his,0.37988966703414917
3,3172,mind,0.5050848722457886
3,3173,was,0.7956209778785706
3,3174,the,1.6911424398422241
3,3175,constant,5.9873809814453125
3,3176,presence,5.938140869140625
3,3177,in,3.5612521171569824
3,3178,his,1.1157934665679932
3,3179,life,4.691307544708252
3,3180,growing,7.945327281951904
3,3181,with,4.783217430114746
3,3182,him,3.903106212615967
3,3183,and,2.847539186477661
3,3184,beside,8.811417579650879
3,3185,him,0.5031235814094543
3,3186,its,6.915860652923584
3,3187,persistent,9.651424407958984
3,3188,reminders,4.857568740844727
3,3189,that,3.4603822231292725
3,3190,he,1.564510464668274
3,3191,had,1.7814635038375854
3,3192,higher,10.790327072143555
3,3193,truer,13.629661560058594
3,3194,things,2.397489547729492
3,3195,to,0.17868825793266296
3,3196,write,7.329686164855957
3,3197,the,4.814172267913818
3,3198,simple,7.121674537658691
3,3199,beauty,7.306631088256836
3,3200,of,0.823573887348175
3,3201,the,1.7309662103652954
3,3202,great,5.902748107910156
3,3203,black,5.938693046569824
3,3204,tree,3.431138038635254
3,3205,for,6.0557026863098145
3,3206,its,4.766256809234619
3,3207,own,3.8673834800720215
3,3208,sake,0.5645857453346252
3,3209,His,4.869882583618164
3,3210,handfuls,10.997737973928452
3,3211,could,6.477350234985352
3,3212,do,4.9638471603393555
3,3213,nothing,1.3017812967300415
3,3214,to,1.488523006439209
3,3215,the,5.129348278045654
3,3216,the,6.86479377746582
3,3217,the,6.851269245147705
3,3218,the,6.29341459274292
3,3219,the,5.270305156707764
3,3220,tree,5.493690490722656
3,3221,considered,9.203601837158203
3,3222,also,7.958869934082031
3,3223,motivation,12.864808082580566
3,3224,whether,8.346476554870605
3,3225,some,6.226576805114746
3,3226,good,5.235118865966797
3,3227,might,4.0456342697143555
3,3228,come,0.6937742829322815
3,3229,this,5.97021484375
3,3230,after,7.1165361404418945
3,3231,all,1.3401236534118652
3,3232,delicately,14.471749067306519
3,3233,period,12.27604866027832
3,3234,normal,10.258315086364746
3,3235,bark,10.749998092651367
3,3236,collecting,10.123488426208496
3,3237,among,7.012327671051025
3,3238,construct,13.009004592895508
3,3239,perpetually,13.32011604309082
3,3240,just,7.713068962097168
3,3241,least,11.067543029785156
3,3242,if,5.077334403991699
3,3243,profession,11.967476844787598
3,3244,hand,8.652135848999023
3,3245,Leaving,11.993791580200195
3,3246,the,1.2089550495147705
3,3247,circle,8.801420211791992
3,3248,stood,8.43726921081543
3,3249,turned,9.874849319458008
3,3250,towards,3.942364454269409
3,3251,the,0.8467282056808472
3,3252,woods,4.5387468338012695
3,3253,in,4.110984802246094
3,3254,which,4.016454696655273
3,3255,it,3.2559173107147217
3,3256,was,2.0135269165039062
3,3257,his,5.831809997558594
3,3258,habit,5.8608269691467285
3,3259,walk,11.299739837646484
3,3260,in,4.115762710571289
3,3261,a,2.9738407135009766
3,3262,mood,7.9135966300964355
3,3263,stepped,11.250885963439941
3,3264,slowly,5.1202287673950195
3,3265,beneath,7.935491561889648
3,3266,the,0.6524797081947327
3,3267,branches,5.321088790893555
3,3268,a,3.8010969161987305
3,3269,gust,6.930109024047852
3,3270,wind,6.190943717956543
3,3271,stirring,7.363253593444824
3,3272,up,2.907989501953125
3,3273,the,1.402866005897522
3,3274,behind,10.413689613342285
3,3275,in,4.725111961364746
3,3276,a,2.034285068511963
3,3277,great,6.122610092163086
3,3278,swirling,7.560525894165039
3,3279,eddy,8.627105116844177
3,3280,a,3.7225658893585205
3,3281,brand,9.697243690490723
3,3282,that,4.919452667236328
3,3283,rose,6.102999210357666
3,3284,up,3.091336488723755
3,3285,dispersed,12.110628128051758
3,3286,on,5.123863697052002
3,3287,the,0.4204014241695404
3,3288,winds,6.8406877517700195
3,3289,as,4.253140926361084
3,3290,though,3.541393518447876
3,3291,it,1.9937101602554321
3,3292,were,0.8564972877502441
3,3293,the,2.9016313552856445
3,3294,last,4.102205276489258
3,3295,breath,4.275886535644531
3,3296,Allan,5.548023223876953
3,3297,wandered,7.083669662475586
3,3298,beneath,6.485144138336182
3,3299,the,0.39937952160835266
3,3300,trees,1.7974061965942383
3,3301,for,4.796494960784912
3,3302,a,0.6963711380958557
3,3303,time,3.5536322593688965
3,3304,thoughts,8.436378479003906
3,3305,drifting,6.191967964172363
3,3306,through,2.905790090560913
3,3307,his,0.5947401523590088
3,3308,mind,0.32697585225105286
3,3309,like,5.080729007720947
3,3310,great,7.6537346839904785
3,3311,banks,9.120512962341309
3,3312,fog,11.037747383117676
3,3313,strangely,10.458828926086426
3,3314,beautiful,7.430137634277344
3,3315,impossible,9.228002548217773
3,3316,penetrate,12.104732513427734
3,3317,considered,10.443622589111328
3,3318,intervention,12.88331413269043
3,3319,considered,7.521429061889648
3,3320,that,5.114322662353516
3,3321,it,3.3377113342285156
3,3322,might,3.0703647136688232
3,3323,be,1.682750940322876
3,3324,better,4.872630596160889
3,3325,accept,10.135786056518555
3,3326,the,2.14084792137146
3,3327,fog,9.140275001525879
3,3328,continue,8.944717407226562
3,3329,as,4.168725967407227
3,3330,his,4.377760410308838
3,3331,lifelong,9.239033699035645
3,3332,friend,4.374383926391602
3,3333,had,3.7624876499176025
3,3334,suggested,5.568758964538574
3,3335,write,10.263778686523438
3,3336,stories,7.146831512451172
3,3337,that,3.485807418823242
3,3338,others,5.899300575256348
3,3339,would,1.7271699905395508
3,3340,read,2.3433384895324707
3,3341,for,4.496442794799805
3,3342,after,8.586594581604004
3,3343,all,1.1350926160812378
3,3344,what,4.743560791015625
3,3345,purpose,8.30861759185791
3,3346,writing,7.628459930419922
3,3347,if,5.459012031555176
3,3348,be,8.334951400756836
3,3349,read,4.8473711013793945
3,3350,without,4.852265357971191
3,3351,that,5.971795082092285
3,3352,torturous,12.728505492210388
3,3353,willow,15.420424461364746
3,3354,might,6.633336544036865
3,3355,be,2.2260143756866455
3,3356,free,7.529929161071777
3,3357,write,5.847322940826416
3,3358,whatever,5.703595161437988
3,3359,saw,9.401168823242188
3,3360,fit,4.9090576171875
3,3361,Indeed,9.734678268432617
3,3362,if,3.944443464279175
3,3363,still,7.688662528991699
3,3364,could,5.574702262878418
3,3365,could,7.677830696105957
3,3366,at,6.496190547943115
3,3367,any,4.028059482574463
3,3368,time,1.3340880870819092
3,3369,follow,5.785341262817383
3,3370,advice,9.420104026794434
3,3371,seek,8.204319953918457
3,3372,a,3.854253053665161
3,3373,profession,7.808926582336426
3,3374,more,5.087131500244141
3,3375,grounded,8.36967945098877
3,3376,in,1.0589165687561035
3,3377,reality,3.2733263969421387
3,3378,Perhaps,7.036694526672363
3,3379,that,3.955946922302246
3,3380,would,2.2055442333221436
3,3381,be,0.9835015535354614
3,3382,more,3.3495707511901855
3,3383,healthy,8.727627754211426
3,3384,for,2.2469608783721924
3,3385,his,2.7927751541137695
3,3386,mind,1.6866333484649658
3,3387,found,8.006298065185547
3,3388,along,8.397899627685547
3,3389,the,0.8059132099151611
3,3390,bank,5.9554901123046875
3,3391,a,3.1366872787475586
3,3392,low,7.025363445281982
3,3393,wide,9.330148696899414
3,3394,stream,4.25119161605835
3,3395,allowed,8.933612823486328
3,3396,follow,10.75283145904541
3,3397,its,5.187071800231934
3,3398,current,5.0680012702941895
3,3399,collapsing,13.516963958740234
3,3400,here,8.247635841369629
3,3401,cape,13.426915168762207
3,3402,placed,8.18704605102539
3,3403,tree,9.577207565307617
3,3404,frantically,10.697233200073242
3,3405,almost,8.226974487304688
3,3406,returned,10.099295616149902
3,3407,new,8.01363468170166
3,3408,physical,9.516155242919922
3,3409,unfolded,12.812492370605469
3,3410,friend,8.86843490600586
3,3411,muscle,11.605903625488281
3,3412,im,8.856474876403809
3,3413,ahead,10.625062942504883
3,3414,carriage,11.12315845489502
3,3415,As,7.873715400695801
3,3416,it,2.7488369941711426
3,3417,turned,3.7470548152923584
3,3418,to,2.630401849746704
3,3419,the,2.2960362434387207
3,3420,deeper,8.708820343017578
3,3421,woods,4.062570095062256
3,3422,elder,11.835742950439453
3,3423,giants,9.676740646362305
3,3424,rose,5.738367080688477
3,3425,above,4.3585004806518555
3,3426,him,3.490718364715576
3,3427,a,3.9646520614624023
3,3428,beech,12.116306781768799
3,3429,smooth,8.224139213562012
3,3430,bark,5.321674346923828
3,3431,a,4.405681610107422
3,3432,gray,7.207419395446777
3,3433,green,5.4994354248046875
3,3434,pennant,12.284393548965454
3,3435,on,4.8747358322143555
3,3436,a,1.673348307609558
3,3437,slope,7.585601806640625
3,3438,and,4.0976715087890625
3,3439,standing,7.232757091522217
3,3440,out,4.571592807769775
3,3441,between,5.993002891540527
3,3442,the,1.2202019691467285
3,3443,dark,6.483895778656006
3,3444,cracked,9.379531860351562
3,3445,trunks,7.601295702159405
3,3446,of,1.801308512687683
3,3447,the,1.1158429384231567
3,3448,nearer,10.453326225280762
3,3449,trees,1.044640302658081
3,3450,great,7.784422874450684
3,3451,pines,7.915308713912964
3,3452,a,3.2641232013702393
3,3453,few,4.296856880187988
3,3454,magnificent,9.050363540649414
3,3455,specimens,7.49702262878418
3,3456,still,5.567319869995117
3,3457,bearing,6.81742525100708
3,3458,the,1.793817162513733
3,3459,three,7.775774002075195
3,3460,stroke,10.799856185913086
3,3461,symbol,5.673347473144531
3,3462,of,1.7691038846969604
3,3463,the,1.330630898475647
3,3464,British,8.241506576538086
3,3465,King,5.912541389465332
3,3466,a,4.096732139587402
3,3467,towering,6.462785720825195
3,3468,black,3.893808126449585
3,3469,birch,7.592548213899136
3,3470,leaves,6.192766189575195
3,3471,impossibly,10.26829707622528
3,3472,high,4.502438068389893
3,3473,above,3.8114171028137207
3,3474,him,2.878946304321289
3,3475,As,6.483078479766846
3,3476,the,2.0428192615509033
3,3477,stream,4.979894638061523
3,3478,wound,6.989330768585205
3,3479,its,2.1306891441345215
3,3480,way,0.14686617255210876
3,3481,through,1.7592318058013916
3,3482,the,0.7410038709640503
3,3483,largest,8.908864974975586
3,3484,pines,5.802843227982521
3,3485,grown,8.7570219039917
3,3486,so,6.014775276184082
3,3487,great,6.148132801055908
3,3488,as,4.42254638671875
3,3489,to,0.5748048424720764
3,3490,eclipse,7.119071006774902
3,3491,that,4.611771583557129
3,3492,feature,10.021862983703613
3,3493,of,1.689359426498413
3,3494,the,0.7213416695594788
3,3495,landscape,5.1280670166015625
3,3496,they,5.290235996246338
3,3497,had,2.831754684448242
3,3498,once,3.863628625869751
3,3499,crowded,8.240106582641602
3,3500,about,5.697503089904785
3,3501,for,5.328069686889648
3,3502,sweet,9.333429336547852
3,3503,water,5.0455827713012695
3,3504,as,4.621599197387695
3,3505,Allan,5.792742729187012
3,3506,continued,4.903194427490234
3,3507,slowing,9.136704444885254
3,3508,his,1.8532893657684326
3,3509,pace,1.3973915576934814
3,3510,to,3.1583478450775146
3,3511,climb,5.369925498962402
3,3512,across,6.136949062347412
3,3513,the,0.32353731989860535
3,3514,toes,11.138473510742188
3,3515,of,0.6822201013565063
3,3516,the,0.44067537784576416
3,3517,giants,7.375021934509277
3,3518,pale,9.267576217651367
3,3519,perfectly,9.811030387878418
3,3520,take,9.785139083862305
3,3521,listen,11.621064186096191
3,3522,seek,8.391773223876953
3,3523,nemesis,13.642417669296265
3,3524,desirable,12.625937461853027
3,3525,giants,10.342612266540527
3,3526,owners,12.049222946166992
3,3527,ink,13.17089557647705
3,3528,told,8.40500545501709
3,3529,off,7.243458271026611
3,3530,There,9.018877029418945
3,3531,was,1.101977825164795
3,3532,hardly,6.207119941711426
3,3533,enough,4.65535831451416
3,3534,room,2.98464035987854
3,3535,for,1.2069370746612549
3,3536,his,3.5554990768432617
3,3537,slim,9.377785682678223
3,3538,frame,3.8769354820251465
3,3539,between,7.108396053314209
3,3540,the,0.7913265228271484
3,3541,trunks,5.487326245754957
3,3542,that,4.259313583374023
3,3543,overshadowed,9.171662330627441
3,3544,any,5.829006195068359
3,3545,fleeting,9.798639297485352
3,3546,mortal,9.602405548095703
3,3547,Emerging,15.818727493286133
3,3548,from,1.4765770435333252
3,3549,between,6.457756996154785
3,3550,the,0.48148077726364136
3,3551,trunks,2.783965974347666
3,3552,Allan,5.868568420410156
3,3553,set,6.480552673339844
3,3554,his,1.2510924339294434
3,3555,feet,2.6612284183502197
3,3556,softly,6.614065170288086
3,3557,down,3.425060272216797
3,3558,onto,4.4812116622924805
3,3559,the,0.25954562425613403
3,3560,carpet,7.986330032348633
3,3561,of,2.2096047401428223
3,3562,needles,11.23065185546875
3,3563,and,2.3075273036956787
3,3564,stopped,7.350981712341309
3,3565,Before,11.095699310302734
3,3566,him,2.579951286315918
3,3567,roots,9.356310844421387
3,3568,the,4.226114273071289
3,3569,sweet,8.677756309509277
3,3570,water,3.299272060394287
3,3571,of,2.812793493270874
3,3572,the,0.6634103655815125
3,3573,stream,3.4265377521514893
3,3574,grew,6.732663154602051
3,3575,a,3.949005365371704
3,3576,stand,8.847527503967285
3,3577,of,1.8735660314559937
3,3578,black,4.567172050476074
3,3579,Fallen,13.892050743103027
3,3580,trunks,6.429601091891527
3,3581,lay,5.544554710388184
3,3582,rotting,7.001129627227783
3,3583,across,4.406209468841553
3,3584,the,0.43401020765304565
3,3585,the,7.841737270355225
3,3586,living,5.634984016418457
3,3587,elders,13.675199508666992
3,3588,the,4.4215803146362305
3,3589,grove,7.839755654335022
3,3590,while,8.632969856262207
3,3591,younger,7.85333776473999
3,3592,trees,2.7634074687957764
3,3593,still,4.961649417877197
3,3594,small,7.289033889770508
3,3595,and,2.4344496726989746
3,3596,not,5.359917640686035
3,3597,yet,2.8216123580932617
3,3598,as,4.286659240722656
3,3599,knotted,10.814059615135193
3,3600,and,2.775850772857666
3,3601,as,3.888042688369751
3,3602,their,7.61167049407959
3,3603,forefathers,9.113650292158127
3,3604,sprang,9.274368286132812
3,3605,up,2.167215347290039
3,3606,where,6.572929382324219
3,3607,branches,6.132688999176025
3,3608,reached,6.691354751586914
3,3609,the,2.4286983013153076
3,3610,ground,1.842070460319519
3,3611,Though,8.10481071472168
3,3612,the,2.0025582313537598
3,3613,elders,6.198936462402344
3,3614,trunks,8.99548488855362
3,3615,fell,4.387691974639893
3,3616,and,3.6602232456207275
3,3617,died,4.792513847351074
3,3618,their,4.668806076049805
3,3619,children,5.233884811401367
3,3620,first,7.706242561340332
3,3621,roots,7.301242828369141
3,3622,grown,7.754273414611816
3,3623,from,3.6510894298553467
3,3624,the,0.8701770305633545
3,3625,very,6.893929481506348
3,3626,branches,3.512826919555664
3,3627,that,3.0385241508483887
3,3628,now,4.668549537658691
3,3629,lay,3.8077945709228516
3,3630,dead,4.478480815887451
3,3631,continued,8.328919410705566
3,3632,a,4.672557353973389
3,3633,continuous,7.0982818603515625
3,3634,line,3.6073663234710693
3,3635,from,4.652839183807373
3,3636,the,0.9192572236061096
3,3637,most,6.901116371154785
3,3638,ancient,3.68180251121521
3,3639,of,2.0600709915161133
3,3640,their,3.5921735763549805
3,3641,ancestors,2.454071044921875
3,3642,a,4.177515029907227
3,3643,loosely,10.883855819702148
3,3644,fingers,12.729644775390625
3,3645,denied,10.751791954040527
3,3646,all,5.456179141998291
3,3647,own,9.686662673950195
3,3648,screaming,11.191125869750977
3,3649,critical,12.323421478271484
3,3650,civilized,13.297539710998535
3,3651,rounding,11.700950622558594
3,3652,lowering,10.261756896972656
3,3653,themselves,6.3058013916015625
3,3654,together,6.503824234008789
3,3655,into,5.2374773025512695
3,3656,bathed,12.400181412696838
3,3657,great,8.4879150390625
3,3658,elder,9.343792915344238
3,3659,cultured,12.834176063537598
3,3660,Allan,11.067819595336914
3,3661,stumbled,6.186134338378906
3,3662,forward,3.981086492538452
3,3663,jaw,12.312931060791016
3,3664,slightly,6.613073348999023
3,3665,slack,6.151262283325195
3,3666,until,8.037725448608398
3,3667,his,1.7420423030853271
3,3668,outstretched,8.366134718060493
3,3669,hands,2.1584482192993164
3,3670,encountered,9.308642387390137
3,3671,the,1.2137538194656372
3,3672,rough,5.731783866882324
3,3673,bark,4.364970684051514
3,3674,of,1.2064540386199951
3,3675,a,1.7945888042449951
3,3676,twisted,7.775725364685059
3,3677,three,8.88201904296875
3,3678,willow,8.899616658687592
3,3679,whose,7.1664934158325195
3,3680,waists,12.199135303497314
3,3681,were,2.2411787509918213
3,3682,each,6.922935485839844
3,3683,larger,5.346024513244629
3,3684,than,0.8076944947242737
3,3685,Allan,6.45292854309082
3,3686,himself,4.916742324829102
3,3687,Collapsing,13.584389060735703
3,3688,at,4.8177361488342285
3,3689,its,4.17434549331665
3,3690,base,4.075066566467285
3,3691,Allan,3.4298596382141113
3,3692,wrapped,6.953325271606445
3,3693,his,0.36823153495788574
3,3694,arms,0.9703259468078613
3,3695,around,0.31150439381599426
3,3696,the,0.7662147879600525
3,3697,stoic,11.178950428962708
3,3698,tree,3.1124868392944336
3,3699,and,2.469491481781006
3,3700,let,4.571688175201416
3,3701,forth,6.133567810058594
3,3702,a,0.7213343381881714
3,3703,moan,5.14523983001709
3,3704,a,3.9293456077575684
3,3705,cry,6.039414405822754
3,3706,of,0.8636730909347534
3,3707,purest,12.022593975067139
3,3708,agony,4.685939788818359
3,3709,that,3.5986475944519043
3,3710,escaped,6.000880241394043
3,3711,him,2.859468936920166
3,3712,as,2.8544938564300537
3,3713,the,1.5974633693695068
3,3714,first,5.43045711517334
3,3715,tears,7.464735984802246
3,3716,seeped,6.182995960116386
3,3717,from,1.2720075845718384
3,3718,the,1.4342072010040283
3,3719,corners,5.099503517150879
3,3720,of,0.1304643601179123
3,3721,his,0.09945539385080338
3,3722,eyes,0.2571929693222046
3,3723,and,2.844416618347168
3,3724,slid,7.177879333496094
3,3725,down,0.882188618183136
3,3726,his,0.7300535440444946
3,3727,cheeks,1.8853667974472046
3,3728,falling,7.734917640686035
3,3729,to,1.9618945121765137
3,3730,the,0.7732828855514526
3,3731,ground,0.902866542339325
3,3732,and,3.5315380096435547
3,3733,seeping,8.566787719726562
3,3734,though,8.834930419921875
3,3735,the,1.222489595413208
3,3736,fallen,6.848418235778809
3,3737,leaves,1.543040156364441
3,3738,and,2.9150331020355225
3,3739,needles,6.790378570556641
3,3740,to,4.467764854431152
3,3741,join,6.577260494232178
3,3742,the,1.3768987655639648
3,3743,water,4.522862434387207
3,3744,of,3.5277345180511475
3,3745,the,0.2746872305870056
3,3746,stream,1.271836280822754
3,3747,flowing,5.721954345703125
3,3748,through,2.506136894226074
3,3749,the,1.2505993843078613
3,3750,ground,4.801723480224609
3,3751,beneath,5.350751876831055
3,3752,them,2.85715913772583
